FormerVersionFileName,exist,LatterVersionFileName,changed,addition,deletion,modification
/home/aiyanxu/pair/boto-2.28.0/boto-2.28.0/boto/services/message.py,1,/home/aiyanxu/pair/boto-2.34.0/boto-2.34.0/boto/services/message.py,0,0,0,0
/home/aiyanxu/pair/boto-2.28.0/boto-2.28.0/tests/db/test_lists.py,1,/home/aiyanxu/pair/boto-2.34.0/boto-2.34.0/tests/db/test_lists.py,0,0,0,0
/home/aiyanxu/pair/boto-2.28.0/boto-2.28.0/tests/integration/elasticache/__init__.py,1,/home/aiyanxu/pair/boto-2.34.0/boto-2.34.0/tests/integration/elasticache/__init__.py,0,0,0,0
/home/aiyanxu/pair/boto-2.28.0/boto-2.28.0/boto/services/service.py,1,/home/aiyanxu/pair/boto-2.34.0/boto-2.34.0/boto/services/service.py,0,0,0,0
/home/aiyanxu/pair/boto-2.28.0/boto-2.28.0/tests/integration/ec2/test_connection.py,1,/home/aiyanxu/pair/boto-2.34.0/boto-2.34.0/tests/integration/ec2/test_connection.py,1,0,0,7
/home/aiyanxu/pair/boto-2.28.0/boto-2.28.0/boto/sns/__init__.py,1,/home/aiyanxu/pair/boto-2.34.0/boto-2.34.0/boto/sns/__init__.py,1,0,0,1
/home/aiyanxu/pair/boto-2.28.0/boto-2.28.0/boto/sdb/regioninfo.py,1,/home/aiyanxu/pair/boto-2.34.0/boto-2.34.0/boto/sdb/regioninfo.py,0,0,0,0
/home/aiyanxu/pair/boto-2.28.0/boto-2.28.0/tests/integration/sdb/__init__.py,1,/home/aiyanxu/pair/boto-2.34.0/boto-2.34.0/tests/integration/sdb/__init__.py,0,0,0,0
/home/aiyanxu/pair/boto-2.28.0/boto-2.28.0/tests/integration/s3/test_multidelete.py,1,/home/aiyanxu/pair/boto-2.34.0/boto-2.34.0/tests/integration/s3/test_multidelete.py,0,0,0,0
/home/aiyanxu/pair/boto-2.28.0/boto-2.28.0/tests/integration/s3/test_cors.py,1,/home/aiyanxu/pair/boto-2.34.0/boto-2.34.0/tests/integration/s3/test_cors.py,0,0,0,0
/home/aiyanxu/pair/boto-2.28.0/boto-2.28.0/tests/integration/support/__init__.py,1,/home/aiyanxu/pair/boto-2.34.0/boto-2.34.0/tests/integration/support/__init__.py,0,0,0,0
/home/aiyanxu/pair/boto-2.28.0/boto-2.28.0/tests/integration/swf/test_layer1_workflow_execution.py,1,/home/aiyanxu/pair/boto-2.34.0/boto-2.34.0/tests/integration/swf/test_layer1_workflow_execution.py,1,0,0,1
/home/aiyanxu/pair/boto-2.28.0/boto-2.28.0/tests/unit/directconnect/__init__.py,1,/home/aiyanxu/pair/boto-2.34.0/boto-2.34.0/tests/unit/directconnect/__init__.py,0,0,0,0
/home/aiyanxu/pair/boto-2.28.0/boto-2.28.0/scripts/rebuild_endpoints.py,1,/home/aiyanxu/pair/boto-2.34.0/boto-2.34.0/scripts/rebuild_endpoints.py,1,0,2,0
/home/aiyanxu/pair/boto-2.28.0/boto-2.28.0/boto/sqs/jsonmessage.py,1,/home/aiyanxu/pair/boto-2.34.0/boto-2.34.0/boto/sqs/jsonmessage.py,1,0,0,2
/home/aiyanxu/pair/boto-2.28.0/boto-2.28.0/boto/sns/connection.py,1,/home/aiyanxu/pair/boto-2.34.0/boto-2.34.0/boto/sns/connection.py,1,2,0,4
/home/aiyanxu/pair/boto-2.28.0/boto-2.28.0/boto/sqs/__init__.py,1,/home/aiyanxu/pair/boto-2.34.0/boto-2.34.0/boto/sqs/__init__.py,1,1,0,2
/home/aiyanxu/pair/boto-2.28.0/boto-2.28.0/scripts/git-release-notes.py,1,/home/aiyanxu/pair/boto-2.34.0/boto-2.34.0/scripts/git-release-notes.py,1,0,2,0
/home/aiyanxu/pair/boto-2.28.0/boto-2.28.0/boto/swf/__init__.py,1,/home/aiyanxu/pair/boto-2.34.0/boto-2.34.0/boto/swf/__init__.py,0,0,0,0
/home/aiyanxu/pair/boto-2.28.0/boto-2.28.0/boto/support/__init__.py,1,/home/aiyanxu/pair/boto-2.34.0/boto-2.34.0/boto/support/__init__.py,0,0,0,0
/home/aiyanxu/pair/boto-2.28.0/boto-2.28.0/boto/sts/credentials.py,1,/home/aiyanxu/pair/boto-2.34.0/boto-2.34.0/boto/sts/credentials.py,1,0,0,2
/home/aiyanxu/pair/boto-2.28.0/boto-2.28.0/tests/unit/manage/__init__.py,1,/home/aiyanxu/pair/boto-2.34.0/boto-2.34.0/tests/unit/manage/__init__.py,0,0,0,0
/home/aiyanxu/pair/boto-2.28.0/boto-2.28.0/boto/swf/layer1_decisions.py,1,/home/aiyanxu/pair/boto-2.34.0/boto-2.34.0/boto/swf/layer1_decisions.py,1,0,0,1
/home/aiyanxu/pair/boto-2.28.0/boto-2.28.0/tests/integration/route53/test_zone.py,1,/home/aiyanxu/pair/boto-2.34.0/boto-2.34.0/tests/integration/route53/test_zone.py,1,0,0,3
/home/aiyanxu/pair/boto-2.28.0/boto-2.28.0/tests/integration/gs/util.py,1,/home/aiyanxu/pair/boto-2.34.0/boto-2.34.0/tests/integration/gs/util.py,0,0,0,0
/home/aiyanxu/pair/boto-2.28.0/boto-2.28.0/tests/integration/cloudformation/__init__.py,1,/home/aiyanxu/pair/boto-2.34.0/boto-2.34.0/tests/integration/cloudformation/__init__.py,0,0,0,0
/home/aiyanxu/pair/boto-2.28.0/boto-2.28.0/tests/integration/mws/__init__.py,1,/home/aiyanxu/pair/boto-2.34.0/boto-2.34.0/tests/integration/mws/__init__.py,0,0,0,0
/home/aiyanxu/pair/boto-2.28.0/boto-2.28.0/tests/integration/dynamodb2/test_layer1.py,1,/home/aiyanxu/pair/boto-2.34.0/boto-2.34.0/tests/integration/dynamodb2/test_layer1.py,1,1,0,0
/home/aiyanxu/pair/boto-2.28.0/boto-2.28.0/tests/__init__.py,1,/home/aiyanxu/pair/boto-2.34.0/boto-2.34.0/tests/__init__.py,0,0,0,0
/home/aiyanxu/pair/boto-2.28.0/boto-2.28.0/tests/integration/sdb/test_connection.py,1,/home/aiyanxu/pair/boto-2.34.0/boto-2.34.0/tests/integration/sdb/test_connection.py,1,0,0,3
/home/aiyanxu/pair/boto-2.28.0/boto-2.28.0/tests/integration/s3/test_key.py,1,/home/aiyanxu/pair/boto-2.34.0/boto-2.34.0/tests/integration/s3/test_key.py,1,4,0,30
/home/aiyanxu/pair/boto-2.28.0/boto-2.28.0/tests/unit/vpc/test_vpngateway.py,1,/home/aiyanxu/pair/boto-2.34.0/boto-2.34.0/tests/unit/vpc/test_vpngateway.py,1,1,0,9
/home/aiyanxu/pair/boto-2.28.0/boto-2.28.0/boto/sdb/queryresultset.py,1,/home/aiyanxu/pair/boto-2.34.0/boto-2.34.0/boto/sdb/queryresultset.py,1,1,0,1
/home/aiyanxu/pair/boto-2.28.0/boto-2.28.0/tests/integration/ec2/__init__.py,1,/home/aiyanxu/pair/boto-2.34.0/boto-2.34.0/tests/integration/ec2/__init__.py,0,0,0,0
/home/aiyanxu/pair/boto-2.28.0/boto-2.28.0/tests/integration/ec2/cloudwatch/test_cert_verification.py,1,/home/aiyanxu/pair/boto-2.34.0/boto-2.34.0/tests/integration/ec2/cloudwatch/test_cert_verification.py,1,1,2,0
/home/aiyanxu/pair/boto-2.28.0/boto-2.28.0/tests/integration/ec2/vpc/test_connection.py,1,/home/aiyanxu/pair/boto-2.34.0/boto-2.34.0/tests/integration/ec2/vpc/test_connection.py,1,1,1,1
/home/aiyanxu/pair/boto-2.28.0/boto-2.28.0/tests/integration/elastictranscoder/__init__.py,1,/home/aiyanxu/pair/boto-2.34.0/boto-2.34.0/tests/integration/elastictranscoder/__init__.py,0,0,0,0
/home/aiyanxu/pair/boto-2.28.0/boto-2.28.0/tests/integration/ec2/elb/test_cert_verification.py,1,/home/aiyanxu/pair/boto-2.34.0/boto-2.34.0/tests/integration/ec2/elb/test_cert_verification.py,1,1,1,0
/home/aiyanxu/pair/boto-2.28.0/boto-2.28.0/boto/file/simpleresultset.py,1,/home/aiyanxu/pair/boto-2.34.0/boto-2.34.0/boto/file/simpleresultset.py,0,0,0,0
/home/aiyanxu/pair/boto-2.28.0/boto-2.28.0/boto/elasticache/__init__.py,1,/home/aiyanxu/pair/boto-2.34.0/boto-2.34.0/boto/elasticache/__init__.py,0,0,0,0
/home/aiyanxu/pair/boto-2.28.0/boto-2.28.0/boto/ecs/item.py,1,/home/aiyanxu/pair/boto-2.34.0/boto-2.34.0/boto/ecs/item.py,1,1,0,4
/home/aiyanxu/pair/boto-2.28.0/boto-2.28.0/tests/integration/gs/test_resumable_uploads.py,1,/home/aiyanxu/pair/boto-2.34.0/boto-2.34.0/tests/integration/gs/test_resumable_uploads.py,0,0,0,0
/home/aiyanxu/pair/boto-2.28.0/boto-2.28.0/tests/integration/dynamodb2/__init__.py,1,/home/aiyanxu/pair/boto-2.34.0/boto-2.34.0/tests/integration/dynamodb2/__init__.py,0,0,0,0
/home/aiyanxu/pair/boto-2.28.0/boto-2.28.0/tests/integration/datapipeline/__init__.py,1,/home/aiyanxu/pair/boto-2.34.0/boto-2.34.0/tests/integration/datapipeline/__init__.py,0,0,0,0
/home/aiyanxu/pair/boto-2.28.0/boto-2.28.0/tests/integration/cloudsearch2/test_layers.py,1,/home/aiyanxu/pair/boto-2.34.0/boto-2.34.0/tests/integration/cloudsearch2/test_layers.py,0,0,0,0
/home/aiyanxu/pair/boto-2.28.0/boto-2.28.0/boto/sts/connection.py,1,/home/aiyanxu/pair/boto-2.34.0/boto-2.34.0/boto/sts/connection.py,1,0,0,3
/home/aiyanxu/pair/boto-2.28.0/boto-2.28.0/boto/swf/exceptions.py,1,/home/aiyanxu/pair/boto-2.34.0/boto-2.34.0/boto/swf/exceptions.py,0,0,0,0
/home/aiyanxu/pair/boto-2.28.0/boto-2.28.0/tests/unit/route53/__init__.py,1,/home/aiyanxu/pair/boto-2.34.0/boto-2.34.0/tests/unit/route53/__init__.py,0,0,0,0
/home/aiyanxu/pair/boto-2.28.0/boto-2.28.0/tests/integration/rds2/test_cert_verification.py,1,/home/aiyanxu/pair/boto-2.34.0/boto-2.34.0/tests/integration/rds2/test_cert_verification.py,0,0,0,0
/home/aiyanxu/pair/boto-2.28.0/boto-2.28.0/tests/integration/elasticache/test_layer1.py,1,/home/aiyanxu/pair/boto-2.34.0/boto-2.34.0/tests/integration/elasticache/test_layer1.py,1,0,0,3
/home/aiyanxu/pair/boto-2.28.0/boto-2.28.0/tests/integration/emr/__init__.py,1,/home/aiyanxu/pair/boto-2.34.0/boto-2.34.0/tests/integration/emr/__init__.py,0,0,0,0
/home/aiyanxu/pair/boto-2.28.0/boto-2.28.0/tests/unit/ecs/test_connection.py,1,/home/aiyanxu/pair/boto-2.34.0/boto-2.34.0/tests/unit/ecs/test_connection.py,1,0,0,1
/home/aiyanxu/pair/boto-2.28.0/boto-2.28.0/boto/pyami/installers/__init__.py,1,/home/aiyanxu/pair/boto-2.34.0/boto-2.34.0/boto/pyami/installers/__init__.py,0,0,0,0
/home/aiyanxu/pair/boto-2.28.0/boto-2.28.0/boto/pyami/startup.py,1,/home/aiyanxu/pair/boto-2.34.0/boto-2.34.0/boto/pyami/startup.py,1,0,0,1
/home/aiyanxu/pair/boto-2.28.0/boto-2.28.0/tests/integration/support/test_cert_verification.py,1,/home/aiyanxu/pair/boto-2.34.0/boto-2.34.0/tests/integration/support/test_cert_verification.py,0,0,0,0
/home/aiyanxu/pair/boto-2.28.0/boto-2.28.0/boto/pyami/copybot.py,1,/home/aiyanxu/pair/boto-2.34.0/boto-2.34.0/boto/pyami/copybot.py,0,0,0,0
/home/aiyanxu/pair/boto-2.28.0/boto-2.28.0/tests/unit/elasticache/test_api_interface.py,1,/home/aiyanxu/pair/boto-2.34.0/boto-2.34.0/tests/unit/elasticache/test_api_interface.py,1,0,0,1
/home/aiyanxu/pair/boto-2.28.0/boto-2.28.0/boto/pyami/installers/ubuntu/apache.py,1,/home/aiyanxu/pair/boto-2.34.0/boto-2.34.0/boto/pyami/installers/ubuntu/apache.py,0,0,0,0
/home/aiyanxu/pair/boto-2.28.0/boto-2.28.0/boto/plugin.py,1,/home/aiyanxu/pair/boto-2.34.0/boto-2.34.0/boto/plugin.py,1,0,0,2
/home/aiyanxu/pair/boto-2.28.0/boto-2.28.0/tests/unit/vpc/test_subnet.py,1,/home/aiyanxu/pair/boto-2.34.0/boto-2.34.0/tests/unit/vpc/test_subnet.py,1,1,0,5
/home/aiyanxu/pair/boto-2.28.0/boto-2.28.0/boto/opsworks/exceptions.py,1,/home/aiyanxu/pair/boto-2.34.0/boto-2.34.0/boto/opsworks/exceptions.py,0,0,0,0
/home/aiyanxu/pair/boto-2.28.0/boto-2.28.0/boto/support/layer1.py,1,/home/aiyanxu/pair/boto-2.34.0/boto-2.34.0/boto/support/layer1.py,1,15,15,41
/home/aiyanxu/pair/boto-2.28.0/boto-2.28.0/tests/unit/vpc/__init__.py,1,/home/aiyanxu/pair/boto-2.34.0/boto-2.34.0/tests/unit/vpc/__init__.py,0,0,0,0
/home/aiyanxu/pair/boto-2.28.0/boto-2.28.0/tests/unit/vpc/test_networkacl.py,1,/home/aiyanxu/pair/boto-2.34.0/boto-2.34.0/tests/unit/vpc/test_networkacl.py,1,1,0,9
/home/aiyanxu/pair/boto-2.28.0/boto-2.28.0/tests/unit/utils/test_utils.py,1,/home/aiyanxu/pair/boto-2.34.0/boto-2.34.0/tests/unit/utils/test_utils.py,1,2,0,20
/home/aiyanxu/pair/boto-2.28.0/boto-2.28.0/tests/unit/vpc/test_routetable.py,1,/home/aiyanxu/pair/boto-2.34.0/boto-2.34.0/tests/unit/vpc/test_routetable.py,1,4,0,10
/home/aiyanxu/pair/boto-2.28.0/boto-2.28.0/boto/services/servicedef.py,1,/home/aiyanxu/pair/boto-2.34.0/boto-2.34.0/boto/services/servicedef.py,0,0,0,0
/home/aiyanxu/pair/boto-2.28.0/boto-2.28.0/tests/integration/cloudsearch/test_cert_verification.py,1,/home/aiyanxu/pair/boto-2.34.0/boto-2.34.0/tests/integration/cloudsearch/test_cert_verification.py,0,0,0,0
/home/aiyanxu/pair/boto-2.28.0/boto-2.28.0/boto/pyami/helloworld.py,1,/home/aiyanxu/pair/boto-2.34.0/boto-2.34.0/boto/pyami/helloworld.py,0,0,0,0
/home/aiyanxu/pair/boto-2.28.0/boto-2.28.0/boto/rds2/__init__.py,1,/home/aiyanxu/pair/boto-2.34.0/boto-2.34.0/boto/rds2/__init__.py,0,0,0,0
/home/aiyanxu/pair/boto-2.28.0/boto-2.28.0/boto/pyami/installers/ubuntu/installer.py,1,/home/aiyanxu/pair/boto-2.34.0/boto-2.34.0/boto/pyami/installers/ubuntu/installer.py,0,0,0,0
/home/aiyanxu/pair/boto-2.28.0/boto-2.28.0/tests/unit/sts/test_connection.py,1,/home/aiyanxu/pair/boto-2.34.0/boto-2.34.0/tests/unit/sts/test_connection.py,1,0,1,18
/home/aiyanxu/pair/boto-2.28.0/boto-2.28.0/tests/integration/opsworks/__init__.py,1,/home/aiyanxu/pair/boto-2.34.0/boto-2.34.0/tests/integration/opsworks/__init__.py,0,0,0,0
/home/aiyanxu/pair/boto-2.28.0/boto-2.28.0/tests/integration/rds/__init__.py,1,/home/aiyanxu/pair/boto-2.34.0/boto-2.34.0/tests/integration/rds/__init__.py,0,0,0,0
/home/aiyanxu/pair/boto-2.28.0/boto-2.28.0/tests/integration/redshift/__init__.py,1,/home/aiyanxu/pair/boto-2.34.0/boto-2.34.0/tests/integration/redshift/__init__.py,0,0,0,0
/home/aiyanxu/pair/boto-2.28.0/boto-2.28.0/tests/db/test_sequence.py,1,/home/aiyanxu/pair/boto-2.34.0/boto-2.34.0/tests/db/test_sequence.py,0,0,0,0
/home/aiyanxu/pair/boto-2.28.0/boto-2.28.0/tests/integration/directconnect/test_directconnect.py,1,/home/aiyanxu/pair/boto-2.34.0/boto-2.34.0/tests/integration/directconnect/test_directconnect.py,1,0,0,2
/home/aiyanxu/pair/boto-2.28.0/boto-2.28.0/tests/unit/ec2/test_spotinstance.py,1,/home/aiyanxu/pair/boto-2.34.0/boto-2.34.0/tests/unit/ec2/test_spotinstance.py,1,0,0,2
/home/aiyanxu/pair/boto-2.28.0/boto-2.28.0/tests/unit/glacier/test_concurrent.py,1,/home/aiyanxu/pair/boto-2.34.0/boto-2.34.0/tests/unit/glacier/test_concurrent.py,1,0,0,7
/home/aiyanxu/pair/boto-2.28.0/boto-2.28.0/tests/unit/glacier/test_writer.py,1,/home/aiyanxu/pair/boto-2.34.0/boto-2.34.0/tests/unit/glacier/test_writer.py,1,0,1,26
/home/aiyanxu/pair/boto-2.28.0/boto-2.28.0/tests/unit/ecs/__init__.py,1,/home/aiyanxu/pair/boto-2.34.0/boto-2.34.0/tests/unit/ecs/__init__.py,0,0,0,0
/home/aiyanxu/pair/boto-2.28.0/boto-2.28.0/tests/integration/gs/cb_test_harness.py,1,/home/aiyanxu/pair/boto-2.34.0/boto-2.34.0/tests/integration/gs/cb_test_harness.py,0,0,0,0
/home/aiyanxu/pair/boto-2.28.0/boto-2.28.0/tests/integration/route53/test_resourcerecordsets.py,1,/home/aiyanxu/pair/boto-2.34.0/boto-2.34.0/tests/integration/route53/test_resourcerecordsets.py,1,0,1,2
/home/aiyanxu/pair/boto-2.28.0/boto-2.28.0/tests/integration/redshift/test_layer1.py,1,/home/aiyanxu/pair/boto-2.34.0/boto-2.34.0/tests/integration/redshift/test_layer1.py,0,0,0,0
/home/aiyanxu/pair/boto-2.28.0/boto-2.28.0/tests/mturk/create_hit_test.py,1,/home/aiyanxu/pair/boto-2.34.0/boto-2.34.0/tests/mturk/create_hit_test.py,0,0,0,0
/home/aiyanxu/pair/boto-2.28.0/boto-2.28.0/tests/integration/sqs/test_cert_verification.py,1,/home/aiyanxu/pair/boto-2.34.0/boto-2.34.0/tests/integration/sqs/test_cert_verification.py,0,0,0,0
/home/aiyanxu/pair/boto-2.28.0/boto-2.28.0/tests/unit/cloudfront/test_distribution.py,1,/home/aiyanxu/pair/boto-2.34.0/boto-2.34.0/tests/unit/cloudfront/test_distribution.py,0,0,0,0
/home/aiyanxu/pair/boto-2.28.0/boto-2.28.0/tests/integration/sdb/test_cert_verification.py,1,/home/aiyanxu/pair/boto-2.34.0/boto-2.34.0/tests/integration/sdb/test_cert_verification.py,0,0,0,0
/home/aiyanxu/pair/boto-2.28.0/boto-2.28.0/tests/integration/sns/test_sns_sqs_subscription.py,1,/home/aiyanxu/pair/boto-2.34.0/boto-2.34.0/tests/integration/sns/test_sns_sqs_subscription.py,1,0,0,1
/home/aiyanxu/pair/boto-2.28.0/boto-2.28.0/tests/integration/ses/__init__.py,1,/home/aiyanxu/pair/boto-2.34.0/boto-2.34.0/tests/integration/ses/__init__.py,0,0,0,0
/home/aiyanxu/pair/boto-2.28.0/boto-2.28.0/tests/integration/s3/test_multipart.py,1,/home/aiyanxu/pair/boto-2.34.0/boto-2.34.0/tests/integration/s3/test_multipart.py,1,2,0,6
/home/aiyanxu/pair/boto-2.28.0/boto-2.28.0/tests/integration/s3/test_pool.py,1,/home/aiyanxu/pair/boto-2.34.0/boto-2.34.0/tests/integration/s3/test_pool.py,1,1,2,9
/home/aiyanxu/pair/boto-2.28.0/boto-2.28.0/tests/integration/s3/test_cert_verification.py,1,/home/aiyanxu/pair/boto-2.34.0/boto-2.34.0/tests/integration/s3/test_cert_verification.py,0,0,0,0
/home/aiyanxu/pair/boto-2.28.0/boto-2.28.0/tests/integration/s3/test_mfa.py,1,/home/aiyanxu/pair/boto-2.34.0/boto-2.34.0/tests/integration/s3/test_mfa.py,0,0,0,0
/home/aiyanxu/pair/boto-2.28.0/boto-2.28.0/tests/integration/ses/test_cert_verification.py,1,/home/aiyanxu/pair/boto-2.34.0/boto-2.34.0/tests/integration/ses/test_cert_verification.py,0,0,0,0
/home/aiyanxu/pair/boto-2.28.0/boto-2.28.0/tests/integration/swf/test_layer1.py,1,/home/aiyanxu/pair/boto-2.34.0/boto-2.34.0/tests/integration/swf/test_layer1.py,0,0,0,0
/home/aiyanxu/pair/boto-2.28.0/boto-2.28.0/boto/mturk/price.py,1,/home/aiyanxu/pair/boto-2.34.0/boto-2.34.0/boto/mturk/price.py,0,0,0,0
/home/aiyanxu/pair/boto-2.28.0/boto-2.28.0/boto/gs/connection.py,1,/home/aiyanxu/pair/boto-2.34.0/boto-2.34.0/boto/gs/connection.py,0,0,0,0
/home/aiyanxu/pair/boto-2.28.0/boto-2.28.0/boto/roboto/awsqueryservice.py,1,/home/aiyanxu/pair/boto-2.34.0/boto-2.34.0/boto/roboto/awsqueryservice.py,1,1,0,3
/home/aiyanxu/pair/boto-2.28.0/boto-2.28.0/boto/route53/status.py,1,/home/aiyanxu/pair/boto-2.34.0/boto-2.34.0/boto/route53/status.py,0,0,0,0
/home/aiyanxu/pair/boto-2.28.0/boto-2.28.0/boto/roboto/__init__.py,1,/home/aiyanxu/pair/boto-2.34.0/boto-2.34.0/boto/roboto/__init__.py,0,0,0,0
/home/aiyanxu/pair/boto-2.28.0/boto-2.28.0/boto/route53/exception.py,1,/home/aiyanxu/pair/boto-2.34.0/boto-2.34.0/boto/route53/exception.py,1,1,1,0
/home/aiyanxu/pair/boto-2.28.0/boto-2.28.0/boto/pyami/installers/ubuntu/trac.py,1,/home/aiyanxu/pair/boto-2.34.0/boto-2.34.0/boto/pyami/installers/ubuntu/trac.py,0,0,0,0
/home/aiyanxu/pair/boto-2.28.0/boto-2.28.0/boto/rds2/exceptions.py,1,/home/aiyanxu/pair/boto-2.34.0/boto-2.34.0/boto/rds2/exceptions.py,0,0,0,0
/home/aiyanxu/pair/boto-2.28.0/boto-2.28.0/tests/unit/cloudtrail/__init__.py,1,/home/aiyanxu/pair/boto-2.34.0/boto-2.34.0/tests/unit/cloudtrail/__init__.py,0,0,0,0
/home/aiyanxu/pair/boto-2.28.0/boto-2.28.0/tests/unit/ec2/elb/test_listener.py,1,/home/aiyanxu/pair/boto-2.34.0/boto-2.34.0/tests/unit/ec2/elb/test_listener.py,1,2,0,1
/home/aiyanxu/pair/boto-2.28.0/boto-2.28.0/tests/unit/cloudsearch/test_connection.py,1,/home/aiyanxu/pair/boto-2.34.0/boto-2.34.0/tests/unit/cloudsearch/test_connection.py,1,0,2,3
/home/aiyanxu/pair/boto-2.28.0/boto-2.28.0/tests/unit/cloudsearch/__init__.py,1,/home/aiyanxu/pair/boto-2.34.0/boto-2.34.0/tests/unit/cloudsearch/__init__.py,0,0,0,0
/home/aiyanxu/pair/boto-2.28.0/boto-2.28.0/boto/mws/exception.py,1,/home/aiyanxu/pair/boto-2.34.0/boto-2.34.0/boto/mws/exception.py,1,0,0,1
/home/aiyanxu/pair/boto-2.28.0/boto-2.28.0/boto/redshift/layer1.py,1,/home/aiyanxu/pair/boto-2.34.0/boto-2.34.0/boto/redshift/layer1.py,1,8,8,186
/home/aiyanxu/pair/boto-2.28.0/boto-2.28.0/boto/opsworks/__init__.py,1,/home/aiyanxu/pair/boto-2.34.0/boto-2.34.0/boto/opsworks/__init__.py,1,0,0,1
/home/aiyanxu/pair/boto-2.28.0/boto-2.28.0/boto/manage/task.py,1,/home/aiyanxu/pair/boto-2.34.0/boto-2.34.0/boto/manage/task.py,1,0,0,2
/home/aiyanxu/pair/boto-2.28.0/boto-2.28.0/boto/mturk/__init__.py,1,/home/aiyanxu/pair/boto-2.34.0/boto-2.34.0/boto/mturk/__init__.py,0,0,0,0
/home/aiyanxu/pair/boto-2.28.0/boto-2.28.0/boto/mashups/interactive.py,1,/home/aiyanxu/pair/boto-2.34.0/boto-2.34.0/boto/mashups/interactive.py,1,0,0,2
/home/aiyanxu/pair/boto-2.28.0/boto-2.28.0/boto/s3/bucketlistresultset.py,1,/home/aiyanxu/pair/boto-2.34.0/boto-2.34.0/boto/s3/bucketlistresultset.py,1,2,0,0
/home/aiyanxu/pair/boto-2.28.0/boto-2.28.0/tests/integration/cloudtrail/test_cert_verification.py,1,/home/aiyanxu/pair/boto-2.34.0/boto-2.34.0/tests/integration/cloudtrail/test_cert_verification.py,0,0,0,0
/home/aiyanxu/pair/boto-2.28.0/boto-2.28.0/tests/fps/test_verify_signature.py,1,/home/aiyanxu/pair/boto-2.34.0/boto-2.34.0/tests/fps/test_verify_signature.py,0,0,0,0
/home/aiyanxu/pair/boto-2.28.0/boto-2.28.0/boto/glacier/writer.py,1,/home/aiyanxu/pair/boto-2.34.0/boto-2.34.0/boto/glacier/writer.py,1,0,0,3
/home/aiyanxu/pair/boto-2.28.0/boto-2.28.0/boto/glacier/__init__.py,1,/home/aiyanxu/pair/boto-2.34.0/boto-2.34.0/boto/glacier/__init__.py,0,0,0,0
/home/aiyanxu/pair/boto-2.28.0/boto-2.28.0/tests/unit/cloudformation/test_stack.py,1,/home/aiyanxu/pair/boto-2.34.0/boto-2.34.0/tests/unit/cloudformation/test_stack.py,1,0,0,9
/home/aiyanxu/pair/boto-2.28.0/boto-2.28.0/tests/mturk/hit_persistence.py,1,/home/aiyanxu/pair/boto-2.34.0/boto-2.34.0/tests/mturk/hit_persistence.py,0,0,0,0
/home/aiyanxu/pair/boto-2.28.0/boto-2.28.0/tests/unit/vpc/test_dhcpoptions.py,1,/home/aiyanxu/pair/boto-2.34.0/boto-2.34.0/tests/unit/vpc/test_dhcpoptions.py,1,0,0,4
/home/aiyanxu/pair/boto-2.28.0/boto-2.28.0/tests/integration/ec2/cloudwatch/__init__.py,1,/home/aiyanxu/pair/boto-2.34.0/boto-2.34.0/tests/integration/ec2/cloudwatch/__init__.py,0,0,0,0
/home/aiyanxu/pair/boto-2.28.0/boto-2.28.0/tests/integration/ec2/elb/__init__.py,1,/home/aiyanxu/pair/boto-2.34.0/boto-2.34.0/tests/integration/ec2/elb/__init__.py,0,0,0,0
/home/aiyanxu/pair/boto-2.28.0/boto-2.28.0/boto/elastictranscoder/layer1.py,1,/home/aiyanxu/pair/boto-2.34.0/boto-2.34.0/boto/elastictranscoder/layer1.py,1,0,0,2
/home/aiyanxu/pair/boto-2.28.0/boto-2.28.0/tests/unit/cloudfront/test_signed_urls.py,1,/home/aiyanxu/pair/boto-2.34.0/boto-2.34.0/tests/unit/cloudfront/test_signed_urls.py,1,0,0,6
/home/aiyanxu/pair/boto-2.28.0/boto-2.28.0/tests/unit/dynamodb2/__init__.py,1,/home/aiyanxu/pair/boto-2.34.0/boto-2.34.0/tests/unit/dynamodb2/__init__.py,0,0,0,0
/home/aiyanxu/pair/boto-2.28.0/boto-2.28.0/tests/integration/kinesis/__init__.py,1,/home/aiyanxu/pair/boto-2.34.0/boto-2.34.0/tests/integration/kinesis/__init__.py,0,0,0,0
/home/aiyanxu/pair/boto-2.28.0/boto-2.28.0/tests/integration/glacier/__init__.py,1,/home/aiyanxu/pair/boto-2.34.0/boto-2.34.0/tests/integration/glacier/__init__.py,0,0,0,0
/home/aiyanxu/pair/boto-2.28.0/boto-2.28.0/tests/integration/glacier/test_layer1.py,1,/home/aiyanxu/pair/boto-2.34.0/boto-2.34.0/tests/integration/glacier/test_layer1.py,0,0,0,0
/home/aiyanxu/pair/boto-2.28.0/boto-2.28.0/tests/unit/swf/test_layer2_types.py,1,/home/aiyanxu/pair/boto-2.34.0/boto-2.34.0/tests/unit/swf/test_layer2_types.py,0,0,0,0
/home/aiyanxu/pair/boto-2.28.0/boto-2.28.0/tests/unit/s3/test_website.py,1,/home/aiyanxu/pair/boto-2.34.0/boto-2.34.0/tests/unit/s3/test_website.py,1,0,0,1
/home/aiyanxu/pair/boto-2.28.0/boto-2.28.0/tests/integration/kinesis/test_cert_verification.py,1,/home/aiyanxu/pair/boto-2.34.0/boto-2.34.0/tests/integration/kinesis/test_cert_verification.py,0,0,0,0
/home/aiyanxu/pair/boto-2.28.0/boto-2.28.0/tests/integration/dynamodb2/test_highlevel.py,1,/home/aiyanxu/pair/boto-2.34.0/boto-2.34.0/tests/integration/dynamodb2/test_highlevel.py,1,0,2,10
/home/aiyanxu/pair/boto-2.28.0/boto-2.28.0/docs/source/extensions/githublinks/__init__.py,1,/home/aiyanxu/pair/boto-2.34.0/boto-2.34.0/docs/source/extensions/githublinks/__init__.py,0,0,0,0
/home/aiyanxu/pair/boto-2.28.0/boto-2.28.0/tests/unit/cloudformation/__init__.py,1,/home/aiyanxu/pair/boto-2.34.0/boto-2.34.0/tests/unit/cloudformation/__init__.py,0,0,0,0
/home/aiyanxu/pair/boto-2.28.0/boto-2.28.0/tests/integration/__init__.py,1,/home/aiyanxu/pair/boto-2.34.0/boto-2.34.0/tests/integration/__init__.py,1,0,3,0
/home/aiyanxu/pair/boto-2.28.0/boto-2.28.0/tests/integration/ec2/autoscale/__init__.py,1,/home/aiyanxu/pair/boto-2.34.0/boto-2.34.0/tests/integration/ec2/autoscale/__init__.py,0,0,0,0
/home/aiyanxu/pair/boto-2.28.0/boto-2.28.0/boto/sdb/__init__.py,1,/home/aiyanxu/pair/boto-2.34.0/boto-2.34.0/boto/sdb/__init__.py,1,0,0,1
/home/aiyanxu/pair/boto-2.28.0/boto-2.28.0/boto/route53/zone.py,1,/home/aiyanxu/pair/boto-2.34.0/boto-2.34.0/boto/route53/zone.py,1,0,0,1
/home/aiyanxu/pair/boto-2.28.0/boto-2.28.0/tests/integration/swf/test_cert_verification.py,1,/home/aiyanxu/pair/boto-2.34.0/boto-2.34.0/tests/integration/swf/test_cert_verification.py,0,0,0,0
/home/aiyanxu/pair/boto-2.28.0/boto-2.28.0/tests/integration/sts/test_session_token.py,1,/home/aiyanxu/pair/boto-2.34.0/boto-2.34.0/tests/integration/sts/test_session_token.py,1,0,1,2
/home/aiyanxu/pair/boto-2.28.0/boto-2.28.0/tests/integration/rds2/__init__.py,1,/home/aiyanxu/pair/boto-2.34.0/boto-2.34.0/tests/integration/rds2/__init__.py,0,0,0,0
/home/aiyanxu/pair/boto-2.28.0/boto-2.28.0/tests/integration/sts/__init__.py,1,/home/aiyanxu/pair/boto-2.34.0/boto-2.34.0/tests/integration/sts/__init__.py,0,0,0,0
/home/aiyanxu/pair/boto-2.28.0/boto-2.28.0/tests/unit/cloudfront/test_invalidation_list.py,1,/home/aiyanxu/pair/boto-2.34.0/boto-2.34.0/tests/unit/cloudfront/test_invalidation_list.py,1,0,1,2
/home/aiyanxu/pair/boto-2.28.0/boto-2.28.0/tests/mturk/mocks.py,1,/home/aiyanxu/pair/boto-2.34.0/boto-2.34.0/tests/mturk/mocks.py,0,0,0,0
/home/aiyanxu/pair/boto-2.28.0/boto-2.28.0/tests/integration/glacier/test_layer2.py,1,/home/aiyanxu/pair/boto-2.34.0/boto-2.34.0/tests/integration/glacier/test_layer2.py,0,0,0,0
/home/aiyanxu/pair/boto-2.28.0/boto-2.28.0/tests/integration/gs/__init__.py,1,/home/aiyanxu/pair/boto-2.34.0/boto-2.34.0/tests/integration/gs/__init__.py,0,0,0,0
/home/aiyanxu/pair/boto-2.28.0/boto-2.28.0/tests/unit/glacier/__init__.py,1,/home/aiyanxu/pair/boto-2.34.0/boto-2.34.0/tests/unit/glacier/__init__.py,0,0,0,0
/home/aiyanxu/pair/boto-2.28.0/boto-2.28.0/tests/unit/swf/test_layer2_actors.py,1,/home/aiyanxu/pair/boto-2.34.0/boto-2.34.0/tests/unit/swf/test_layer2_actors.py,0,0,0,0
/home/aiyanxu/pair/boto-2.28.0/boto-2.28.0/tests/unit/s3/test_lifecycle.py,1,/home/aiyanxu/pair/boto-2.34.0/boto-2.34.0/tests/unit/s3/test_lifecycle.py,0,0,0,0
/home/aiyanxu/pair/boto-2.28.0/boto-2.28.0/tests/unit/sqs/__init__.py,1,/home/aiyanxu/pair/boto-2.34.0/boto-2.34.0/tests/unit/sqs/__init__.py,0,0,0,0
/home/aiyanxu/pair/boto-2.28.0/boto-2.28.0/tests/unit/sts/test_credentials.py,1,/home/aiyanxu/pair/boto-2.34.0/boto-2.34.0/tests/unit/sts/test_credentials.py,0,0,0,0
/home/aiyanxu/pair/boto-2.28.0/boto-2.28.0/tests/unit/s3/test_tagging.py,1,/home/aiyanxu/pair/boto-2.34.0/boto-2.34.0/tests/unit/s3/test_tagging.py,0,0,0,0
/home/aiyanxu/pair/boto-2.28.0/boto-2.28.0/tests/unit/test_connection.py,1,/home/aiyanxu/pair/boto-2.34.0/boto-2.34.0/tests/unit/test_connection.py,1,3,3,33
/home/aiyanxu/pair/boto-2.28.0/boto-2.28.0/tests/unit/s3/test_key.py,1,/home/aiyanxu/pair/boto-2.34.0/boto-2.34.0/tests/unit/s3/test_key.py,1,4,0,9
/home/aiyanxu/pair/boto-2.28.0/boto-2.28.0/tests/unit/swf/test_layer2_domain.py,1,/home/aiyanxu/pair/boto-2.34.0/boto-2.34.0/tests/unit/swf/test_layer2_domain.py,0,0,0,0
/home/aiyanxu/pair/boto-2.28.0/boto-2.28.0/tests/unit/s3/test_cors_configuration.py,1,/home/aiyanxu/pair/boto-2.34.0/boto-2.34.0/tests/unit/s3/test_cors_configuration.py,0,0,0,0
/home/aiyanxu/pair/boto-2.28.0/boto-2.28.0/tests/unit/rds/test_snapshot.py,1,/home/aiyanxu/pair/boto-2.34.0/boto-2.34.0/tests/unit/rds/test_snapshot.py,0,0,0,0
/home/aiyanxu/pair/boto-2.28.0/boto-2.28.0/tests/unit/sts/__init__.py,1,/home/aiyanxu/pair/boto-2.34.0/boto-2.34.0/tests/unit/sts/__init__.py,0,0,0,0
/home/aiyanxu/pair/boto-2.28.0/boto-2.28.0/tests/unit/provider/__init__.py,1,/home/aiyanxu/pair/boto-2.34.0/boto-2.34.0/tests/unit/provider/__init__.py,0,0,0,0
/home/aiyanxu/pair/boto-2.28.0/boto-2.28.0/boto/sdb/db/property.py,1,/home/aiyanxu/pair/boto-2.34.0/boto-2.34.0/boto/sdb/db/property.py,1,1,0,23
/home/aiyanxu/pair/boto-2.28.0/boto-2.28.0/tests/unit/auth/test_query.py,1,/home/aiyanxu/pair/boto-2.34.0/boto-2.34.0/tests/unit/auth/test_query.py,0,0,0,0
/home/aiyanxu/pair/boto-2.28.0/boto-2.28.0/tests/integration/sns/__init__.py,1,/home/aiyanxu/pair/boto-2.34.0/boto-2.34.0/tests/integration/sns/__init__.py,0,0,0,0
/home/aiyanxu/pair/boto-2.28.0/boto-2.28.0/tests/test.py,1,/home/aiyanxu/pair/boto-2.34.0/boto-2.34.0/tests/test.py,1,2,2,3
/home/aiyanxu/pair/boto-2.28.0/boto-2.28.0/tests/mturk/test_disable_hit.py,1,/home/aiyanxu/pair/boto-2.34.0/boto-2.34.0/tests/mturk/test_disable_hit.py,0,0,0,0
/home/aiyanxu/pair/boto-2.28.0/boto-2.28.0/tests/unit/__init__.py,1,/home/aiyanxu/pair/boto-2.34.0/boto-2.34.0/tests/unit/__init__.py,1,1,0,12
/home/aiyanxu/pair/boto-2.28.0/boto-2.28.0/tests/mturk/support.py,1,/home/aiyanxu/pair/boto-2.34.0/boto-2.34.0/tests/mturk/support.py,0,0,0,0
/home/aiyanxu/pair/boto-2.28.0/boto-2.28.0/tests/integration/route53/test_alias_resourcerecordsets.py,1,/home/aiyanxu/pair/boto-2.34.0/boto-2.34.0/tests/integration/route53/test_alias_resourcerecordsets.py,1,0,0,1
/home/aiyanxu/pair/boto-2.28.0/boto-2.28.0/tests/unit/ec2/cloudwatch/__init__.py,1,/home/aiyanxu/pair/boto-2.34.0/boto-2.34.0/tests/unit/ec2/cloudwatch/__init__.py,0,0,0,0
/home/aiyanxu/pair/boto-2.28.0/boto-2.28.0/boto/ec2/elb/securitygroup.py,1,/home/aiyanxu/pair/boto-2.34.0/boto-2.34.0/boto/ec2/elb/securitygroup.py,0,0,0,0
/home/aiyanxu/pair/boto-2.28.0/boto-2.28.0/tests/unit/vpc/test_vpnconnection.py,1,/home/aiyanxu/pair/boto-2.34.0/boto-2.34.0/tests/unit/vpc/test_vpnconnection.py,1,0,0,5
/home/aiyanxu/pair/boto-2.28.0/boto-2.28.0/boto/ec2/regioninfo.py,1,/home/aiyanxu/pair/boto-2.34.0/boto-2.34.0/boto/ec2/regioninfo.py,0,0,0,0
/home/aiyanxu/pair/boto-2.28.0/boto-2.28.0/tests/unit/ec2/elb/__init__.py,1,/home/aiyanxu/pair/boto-2.34.0/boto-2.34.0/tests/unit/ec2/elb/__init__.py,0,0,0,0
/home/aiyanxu/pair/boto-2.28.0/boto-2.28.0/tests/unit/dynamodb/test_layer2.py,1,/home/aiyanxu/pair/boto-2.34.0/boto-2.34.0/tests/unit/dynamodb/test_layer2.py,0,0,0,0
/home/aiyanxu/pair/boto-2.28.0/boto-2.28.0/boto/services/sonofmmm.py,1,/home/aiyanxu/pair/boto-2.34.0/boto-2.34.0/boto/services/sonofmmm.py,0,0,0,0
/home/aiyanxu/pair/boto-2.28.0/boto-2.28.0/tests/unit/glacier/test_utils.py,1,/home/aiyanxu/pair/boto-2.34.0/boto-2.34.0/tests/unit/glacier/test_utils.py,1,2,1,18
/home/aiyanxu/pair/boto-2.28.0/boto-2.28.0/tests/unit/rds2/__init__.py,1,/home/aiyanxu/pair/boto-2.34.0/boto-2.34.0/tests/unit/rds2/__init__.py,0,0,0,0
/home/aiyanxu/pair/boto-2.28.0/boto-2.28.0/tests/unit/iam/__init__.py,1,/home/aiyanxu/pair/boto-2.34.0/boto-2.34.0/tests/unit/iam/__init__.py,0,0,0,0
/home/aiyanxu/pair/boto-2.28.0/boto-2.28.0/tests/unit/glacier/test_layer2.py,1,/home/aiyanxu/pair/boto-2.34.0/boto-2.34.0/tests/unit/glacier/test_layer2.py,1,1,2,11
/home/aiyanxu/pair/boto-2.28.0/boto-2.28.0/tests/unit/dynamodb2/test_layer1.py,1,/home/aiyanxu/pair/boto-2.34.0/boto-2.34.0/tests/unit/dynamodb2/test_layer1.py,0,0,0,0
/home/aiyanxu/pair/boto-2.28.0/boto-2.28.0/tests/unit/provider/test_provider.py,1,/home/aiyanxu/pair/boto-2.34.0/boto-2.34.0/tests/unit/provider/test_provider.py,1,13,0,8
/home/aiyanxu/pair/boto-2.28.0/boto-2.28.0/tests/unit/auth/__init__.py,1,/home/aiyanxu/pair/boto-2.34.0/boto-2.34.0/tests/unit/auth/__init__.py,0,0,0,0
/home/aiyanxu/pair/boto-2.28.0/boto-2.28.0/tests/unit/swf/__init__.py,1,/home/aiyanxu/pair/boto-2.34.0/boto-2.34.0/tests/unit/swf/__init__.py,0,0,0,0
/home/aiyanxu/pair/boto-2.28.0/boto-2.28.0/tests/unit/sqs/test_connection.py,1,/home/aiyanxu/pair/boto-2.34.0/boto-2.34.0/tests/unit/sqs/test_connection.py,1,10,0,9
/home/aiyanxu/pair/boto-2.28.0/boto-2.28.0/tests/unit/sns/test_connection.py,1,/home/aiyanxu/pair/boto-2.34.0/boto-2.34.0/tests/unit/sns/test_connection.py,1,1,1,2
/home/aiyanxu/pair/boto-2.28.0/boto-2.28.0/tests/unit/sqs/test_message.py,1,/home/aiyanxu/pair/boto-2.34.0/boto-2.34.0/tests/unit/sqs/test_message.py,1,5,0,1
/home/aiyanxu/pair/boto-2.28.0/boto-2.28.0/tests/unit/ses/__init__.py,1,/home/aiyanxu/pair/boto-2.34.0/boto-2.34.0/tests/unit/ses/__init__.py,0,0,0,0
/home/aiyanxu/pair/boto-2.28.0/boto-2.28.0/tests/mturk/__init__.py,1,/home/aiyanxu/pair/boto-2.34.0/boto-2.34.0/tests/mturk/__init__.py,0,0,0,0
/home/aiyanxu/pair/boto-2.28.0/boto-2.28.0/boto/gs/__init__.py,1,/home/aiyanxu/pair/boto-2.34.0/boto-2.34.0/boto/gs/__init__.py,0,0,0,0
/home/aiyanxu/pair/boto-2.28.0/boto-2.28.0/boto/glacier/exceptions.py,1,/home/aiyanxu/pair/boto-2.34.0/boto-2.34.0/boto/glacier/exceptions.py,0,0,0,0
/home/aiyanxu/pair/boto-2.28.0/boto-2.28.0/boto/sqs/regioninfo.py,1,/home/aiyanxu/pair/boto-2.34.0/boto-2.34.0/boto/sqs/regioninfo.py,0,0,0,0
/home/aiyanxu/pair/boto-2.28.0/boto-2.28.0/boto/emr/__init__.py,1,/home/aiyanxu/pair/boto-2.34.0/boto-2.34.0/boto/emr/__init__.py,1,0,0,3
/home/aiyanxu/pair/boto-2.28.0/boto-2.28.0/boto/file/connection.py,1,/home/aiyanxu/pair/boto-2.34.0/boto-2.34.0/boto/file/connection.py,1,0,0,1
/home/aiyanxu/pair/boto-2.28.0/boto-2.28.0/tests/unit/s3/test_keyfile.py,1,/home/aiyanxu/pair/boto-2.34.0/boto-2.34.0/tests/unit/s3/test_keyfile.py,1,1,0,3
/home/aiyanxu/pair/boto-2.28.0/boto-2.28.0/tests/unit/dynamodb/test_batch.py,1,/home/aiyanxu/pair/boto-2.34.0/boto-2.34.0/tests/unit/dynamodb/test_batch.py,0,0,0,0
/home/aiyanxu/pair/boto-2.28.0/boto-2.28.0/tests/mturk/run-doctest.py,1,/home/aiyanxu/pair/boto-2.34.0/boto-2.34.0/tests/mturk/run-doctest.py,0,0,0,0
/home/aiyanxu/pair/boto-2.28.0/boto-2.28.0/tests/integration/iam/test_cert_verification.py,1,/home/aiyanxu/pair/boto-2.34.0/boto-2.34.0/tests/integration/iam/test_cert_verification.py,0,0,0,0
/home/aiyanxu/pair/boto-2.28.0/boto-2.28.0/tests/unit/iam/test_connection.py,1,/home/aiyanxu/pair/boto-2.34.0/boto-2.34.0/tests/unit/iam/test_connection.py,1,2,2,21
/home/aiyanxu/pair/boto-2.28.0/boto-2.28.0/tests/unit/cloudsearch/test_document.py,1,/home/aiyanxu/pair/boto-2.34.0/boto-2.34.0/tests/unit/cloudsearch/test_document.py,1,1,1,8
/home/aiyanxu/pair/boto-2.28.0/boto-2.28.0/tests/integration/gs/test_resumable_downloads.py,1,/home/aiyanxu/pair/boto-2.34.0/boto-2.34.0/tests/integration/gs/test_resumable_downloads.py,0,0,0,0
/home/aiyanxu/pair/boto-2.28.0/boto-2.28.0/boto/dynamodb/table.py,1,/home/aiyanxu/pair/boto-2.34.0/boto-2.34.0/boto/dynamodb/table.py,1,0,0,3
/home/aiyanxu/pair/boto-2.28.0/boto-2.28.0/boto/pyami/__init__.py,1,/home/aiyanxu/pair/boto-2.34.0/boto-2.34.0/boto/pyami/__init__.py,0,0,0,0
/home/aiyanxu/pair/boto-2.28.0/boto-2.28.0/boto/gs/lifecycle.py,1,/home/aiyanxu/pair/boto-2.34.0/boto-2.34.0/boto/gs/lifecycle.py,0,0,0,0
/home/aiyanxu/pair/boto-2.28.0/boto-2.28.0/boto/gs/bucketlistresultset.py,1,/home/aiyanxu/pair/boto-2.34.0/boto-2.34.0/boto/gs/bucketlistresultset.py,0,0,0,0
/home/aiyanxu/pair/boto-2.28.0/boto-2.28.0/boto/mws/__init__.py,1,/home/aiyanxu/pair/boto-2.34.0/boto-2.34.0/boto/mws/__init__.py,0,0,0,0
/home/aiyanxu/pair/boto-2.28.0/boto-2.28.0/tests/integration/kinesis/test_kinesis.py,1,/home/aiyanxu/pair/boto-2.34.0/boto-2.34.0/tests/integration/kinesis/test_kinesis.py,1,1,2,1
/home/aiyanxu/pair/boto-2.28.0/boto-2.28.0/tests/integration/gs/testcase.py,1,/home/aiyanxu/pair/boto-2.34.0/boto-2.34.0/tests/integration/gs/testcase.py,0,0,0,0
/home/aiyanxu/pair/boto-2.28.0/boto-2.28.0/tests/integration/ec2/autoscale/test_cert_verification.py,1,/home/aiyanxu/pair/boto-2.34.0/boto-2.34.0/tests/integration/ec2/autoscale/test_cert_verification.py,0,0,0,0
/home/aiyanxu/pair/boto-2.28.0/boto-2.28.0/boto/dynamodb2/fields.py,1,/home/aiyanxu/pair/boto-2.34.0/boto-2.34.0/boto/dynamodb2/fields.py,0,0,0,0
/home/aiyanxu/pair/boto-2.28.0/boto-2.28.0/boto/compat.py,1,/home/aiyanxu/pair/boto-2.34.0/boto-2.34.0/boto/compat.py,1,2,0,0
/home/aiyanxu/pair/boto-2.28.0/boto-2.28.0/boto/dynamodb2/exceptions.py,1,/home/aiyanxu/pair/boto-2.34.0/boto-2.34.0/boto/dynamodb2/exceptions.py,0,0,0,0
/home/aiyanxu/pair/boto-2.28.0/boto-2.28.0/boto/cloudtrail/__init__.py,1,/home/aiyanxu/pair/boto-2.34.0/boto-2.34.0/boto/cloudtrail/__init__.py,0,0,0,0
/home/aiyanxu/pair/boto-2.28.0/boto-2.28.0/boto/s3/__init__.py,1,/home/aiyanxu/pair/boto-2.34.0/boto-2.34.0/boto/s3/__init__.py,1,0,0,1
/home/aiyanxu/pair/boto-2.28.0/boto-2.28.0/tests/unit/cloudtrail/test_layer1.py,1,/home/aiyanxu/pair/boto-2.34.0/boto-2.34.0/tests/unit/cloudtrail/test_layer1.py,1,0,0,3
/home/aiyanxu/pair/boto-2.28.0/boto-2.28.0/boto/pyami/installers/ubuntu/mysql.py,1,/home/aiyanxu/pair/boto-2.34.0/boto-2.34.0/boto/pyami/installers/ubuntu/mysql.py,1,0,0,4
/home/aiyanxu/pair/boto-2.28.0/boto-2.28.0/boto/ec2/elb/attributes.py,1,/home/aiyanxu/pair/boto-2.34.0/boto-2.34.0/boto/ec2/elb/attributes.py,1,3,0,2
/home/aiyanxu/pair/boto-2.28.0/boto-2.28.0/tests/unit/dynamodb/__init__.py,1,/home/aiyanxu/pair/boto-2.34.0/boto-2.34.0/tests/unit/dynamodb/__init__.py,0,0,0,0
/home/aiyanxu/pair/boto-2.28.0/boto-2.28.0/boto/ec2/autoscale/tag.py,1,/home/aiyanxu/pair/boto-2.34.0/boto-2.34.0/boto/ec2/autoscale/tag.py,0,0,0,0
/home/aiyanxu/pair/boto-2.28.0/boto-2.28.0/boto/mturk/layoutparam.py,1,/home/aiyanxu/pair/boto-2.34.0/boto-2.34.0/boto/mturk/layoutparam.py,0,0,0,0
/home/aiyanxu/pair/boto-2.28.0/boto-2.28.0/boto/file/bucket.py,1,/home/aiyanxu/pair/boto-2.34.0/boto-2.34.0/boto/file/bucket.py,1,0,0,1
/home/aiyanxu/pair/boto-2.28.0/boto-2.28.0/boto/ec2/elb/listelement.py,1,/home/aiyanxu/pair/boto-2.34.0/boto-2.34.0/boto/ec2/elb/listelement.py,0,0,0,0
/home/aiyanxu/pair/boto-2.28.0/boto-2.28.0/boto/glacier/utils.py,1,/home/aiyanxu/pair/boto-2.34.0/boto-2.34.0/boto/glacier/utils.py,1,3,0,4
/home/aiyanxu/pair/boto-2.28.0/boto-2.28.0/boto/ec2/buyreservation.py,1,/home/aiyanxu/pair/boto-2.34.0/boto-2.34.0/boto/ec2/buyreservation.py,1,1,0,5
/home/aiyanxu/pair/boto-2.28.0/boto-2.28.0/tests/integration/redshift/test_cert_verification.py,1,/home/aiyanxu/pair/boto-2.34.0/boto-2.34.0/tests/integration/redshift/test_cert_verification.py,0,0,0,0
/home/aiyanxu/pair/boto-2.28.0/boto-2.28.0/boto/cloudsearch/search.py,1,/home/aiyanxu/pair/boto-2.34.0/boto-2.34.0/boto/cloudsearch/search.py,1,1,0,12
/home/aiyanxu/pair/boto-2.28.0/boto-2.28.0/boto/cloudsearch2/layer2.py,1,/home/aiyanxu/pair/boto-2.34.0/boto-2.34.0/boto/cloudsearch2/layer2.py,1,0,0,3
/home/aiyanxu/pair/boto-2.28.0/boto-2.28.0/boto/cloudsearch2/optionstatus.py,1,/home/aiyanxu/pair/boto-2.34.0/boto-2.34.0/boto/cloudsearch2/optionstatus.py,0,0,0,0
/home/aiyanxu/pair/boto-2.28.0/boto-2.28.0/boto/dynamodb2/layer1.py,1,/home/aiyanxu/pair/boto-2.34.0/boto-2.34.0/boto/dynamodb2/layer1.py,1,9,32,546
/home/aiyanxu/pair/boto-2.28.0/boto-2.28.0/boto/contrib/__init__.py,1,/home/aiyanxu/pair/boto-2.34.0/boto-2.34.0/boto/contrib/__init__.py,0,0,0,0
/home/aiyanxu/pair/boto-2.28.0/boto-2.28.0/boto/dynamodb/layer2.py,1,/home/aiyanxu/pair/boto-2.34.0/boto-2.34.0/boto/dynamodb/layer2.py,1,0,0,2
/home/aiyanxu/pair/boto-2.28.0/boto-2.28.0/boto/dynamodb2/__init__.py,1,/home/aiyanxu/pair/boto-2.34.0/boto-2.34.0/boto/dynamodb2/__init__.py,0,0,0,0
/home/aiyanxu/pair/boto-2.28.0/boto-2.28.0/tests/integration/cloudformation/test_connection.py,1,/home/aiyanxu/pair/boto-2.34.0/boto-2.34.0/tests/integration/cloudformation/test_connection.py,0,0,0,0
/home/aiyanxu/pair/boto-2.28.0/boto-2.28.0/tests/integration/cloudformation/test_cert_verification.py,1,/home/aiyanxu/pair/boto-2.34.0/boto-2.34.0/tests/integration/cloudformation/test_cert_verification.py,0,0,0,0
/home/aiyanxu/pair/boto-2.28.0/boto-2.28.0/boto/kinesis/exceptions.py,1,/home/aiyanxu/pair/boto-2.34.0/boto-2.34.0/boto/kinesis/exceptions.py,0,0,0,0
/home/aiyanxu/pair/boto-2.28.0/boto-2.28.0/tests/integration/ec2/elb/test_connection.py,1,/home/aiyanxu/pair/boto-2.34.0/boto-2.34.0/tests/integration/ec2/elb/test_connection.py,1,0,0,29
/home/aiyanxu/pair/boto-2.28.0/boto-2.28.0/boto/datapipeline/layer1.py,1,/home/aiyanxu/pair/boto-2.34.0/boto-2.34.0/boto/datapipeline/layer1.py,1,0,0,1
/home/aiyanxu/pair/boto-2.28.0/boto-2.28.0/boto/ec2/attributes.py,1,/home/aiyanxu/pair/boto-2.34.0/boto-2.34.0/boto/ec2/attributes.py,0,0,0,0
/home/aiyanxu/pair/boto-2.28.0/boto-2.28.0/tests/integration/sqs/test_bigmessage.py,1,/home/aiyanxu/pair/boto-2.34.0/boto-2.34.0/tests/integration/sqs/test_bigmessage.py,1,1,3,2
/home/aiyanxu/pair/boto-2.28.0/boto-2.28.0/boto/cloudtrail/exceptions.py,1,/home/aiyanxu/pair/boto-2.34.0/boto-2.34.0/boto/cloudtrail/exceptions.py,0,0,0,0
/home/aiyanxu/pair/boto-2.28.0/boto-2.28.0/boto/file/__init__.py,1,/home/aiyanxu/pair/boto-2.34.0/boto-2.34.0/boto/file/__init__.py,1,0,0,3
/home/aiyanxu/pair/boto-2.28.0/boto-2.28.0/boto/file/key.py,1,/home/aiyanxu/pair/boto-2.34.0/boto-2.34.0/boto/file/key.py,1,1,0,2
/home/aiyanxu/pair/boto-2.28.0/boto-2.28.0/boto/cloudformation/__init__.py,1,/home/aiyanxu/pair/boto-2.34.0/boto-2.34.0/boto/cloudformation/__init__.py,1,0,0,1
/home/aiyanxu/pair/boto-2.28.0/boto-2.28.0/boto/ec2/instance.py,1,/home/aiyanxu/pair/boto-2.34.0/boto-2.34.0/boto/ec2/instance.py,0,0,0,0
/home/aiyanxu/pair/boto-2.28.0/boto-2.28.0/boto/beanstalk/layer1.py,1,/home/aiyanxu/pair/boto-2.34.0/boto-2.34.0/boto/beanstalk/layer1.py,1,0,0,1
/home/aiyanxu/pair/boto-2.28.0/boto-2.28.0/boto/swf/layer1.py,1,/home/aiyanxu/pair/boto-2.34.0/boto-2.34.0/boto/swf/layer1.py,1,0,0,2
/home/aiyanxu/pair/boto-2.28.0/boto-2.28.0/boto/beanstalk/__init__.py,1,/home/aiyanxu/pair/boto-2.34.0/boto-2.34.0/boto/beanstalk/__init__.py,0,0,0,0
/home/aiyanxu/pair/boto-2.28.0/boto-2.28.0/boto/__init__.py,1,/home/aiyanxu/pair/boto-2.34.0/boto-2.34.0/boto/__init__.py,1,1,0,4
/home/aiyanxu/pair/boto-2.28.0/boto-2.28.0/boto/rds/parametergroup.py,1,/home/aiyanxu/pair/boto-2.34.0/boto-2.34.0/boto/rds/parametergroup.py,0,0,0,0
/home/aiyanxu/pair/boto-2.28.0/boto-2.28.0/boto/cloudformation/connection.py,1,/home/aiyanxu/pair/boto-2.34.0/boto-2.34.0/boto/cloudformation/connection.py,1,0,0,1
/home/aiyanxu/pair/boto-2.28.0/boto-2.28.0/boto/cacerts/__init__.py,1,/home/aiyanxu/pair/boto-2.34.0/boto-2.34.0/boto/cacerts/__init__.py,0,0,0,0
/home/aiyanxu/pair/boto-2.28.0/boto-2.28.0/boto/rds/__init__.py,1,/home/aiyanxu/pair/boto-2.34.0/boto-2.34.0/boto/rds/__init__.py,0,0,0,0
/home/aiyanxu/pair/boto-2.28.0/boto-2.28.0/boto/cloudsearch/__init__.py,1,/home/aiyanxu/pair/boto-2.34.0/boto-2.34.0/boto/cloudsearch/__init__.py,0,0,0,0
/home/aiyanxu/pair/boto-2.28.0/boto-2.28.0/tests/integration/dynamodb/test_layer2.py,1,/home/aiyanxu/pair/boto-2.34.0/boto-2.34.0/tests/integration/dynamodb/test_layer2.py,1,3,1,10
/home/aiyanxu/pair/boto-2.28.0/boto-2.28.0/tests/integration/s3/test_versioning.py,1,/home/aiyanxu/pair/boto-2.34.0/boto-2.34.0/tests/integration/s3/test_versioning.py,1,1,0,10
/home/aiyanxu/pair/boto-2.28.0/boto-2.28.0/tests/unit/s3/test_bucket.py,1,/home/aiyanxu/pair/boto-2.34.0/boto-2.34.0/tests/unit/s3/test_bucket.py,1,3,0,2
/home/aiyanxu/pair/boto-2.28.0/boto-2.28.0/boto/s3/cors.py,1,/home/aiyanxu/pair/boto-2.34.0/boto-2.34.0/boto/s3/cors.py,0,0,0,0
/home/aiyanxu/pair/boto-2.28.0/boto-2.28.0/boto/cloudfront/distribution.py,1,/home/aiyanxu/pair/boto-2.34.0/boto-2.34.0/boto/cloudfront/distribution.py,1,0,0,2
/home/aiyanxu/pair/boto-2.28.0/boto-2.28.0/boto/ec2/__init__.py,1,/home/aiyanxu/pair/boto-2.34.0/boto-2.34.0/boto/ec2/__init__.py,0,0,0,0
/home/aiyanxu/pair/boto-2.28.0/boto-2.28.0/boto/ec2/autoscale/__init__.py,1,/home/aiyanxu/pair/boto-2.34.0/boto-2.34.0/boto/ec2/autoscale/__init__.py,1,1,0,5
/home/aiyanxu/pair/boto-2.28.0/boto-2.28.0/boto/cloudsearch2/layer1.py,1,/home/aiyanxu/pair/boto-2.34.0/boto-2.34.0/boto/cloudsearch2/layer1.py,1,1,5,10
/home/aiyanxu/pair/boto-2.28.0/boto-2.28.0/boto/ec2/elb/__init__.py,1,/home/aiyanxu/pair/boto-2.34.0/boto-2.34.0/boto/ec2/elb/__init__.py,1,6,1,20
/home/aiyanxu/pair/boto-2.28.0/boto-2.28.0/tests/unit/glacier/test_vault.py,1,/home/aiyanxu/pair/boto-2.34.0/boto-2.34.0/tests/unit/glacier/test_vault.py,1,0,0,6
/home/aiyanxu/pair/boto-2.28.0/boto-2.28.0/boto/sdb/db/test_db.py,1,/home/aiyanxu/pair/boto-2.34.0/boto-2.34.0/boto/sdb/db/test_db.py,0,0,0,0
/home/aiyanxu/pair/boto-2.28.0/boto-2.28.0/boto/gs/resumable_upload_handler.py,1,/home/aiyanxu/pair/boto-2.34.0/boto-2.34.0/boto/gs/resumable_upload_handler.py,1,1,4,14
/home/aiyanxu/pair/boto-2.28.0/boto-2.28.0/tests/unit/s3/test_connection.py,1,/home/aiyanxu/pair/boto-2.34.0/boto-2.34.0/tests/unit/s3/test_connection.py,1,1,1,1
/home/aiyanxu/pair/boto-2.28.0/boto-2.28.0/boto/cloudfront/__init__.py,1,/home/aiyanxu/pair/boto-2.34.0/boto-2.34.0/boto/cloudfront/__init__.py,0,0,0,0
/home/aiyanxu/pair/boto-2.28.0/boto-2.28.0/boto/iam/connection.py,1,/home/aiyanxu/pair/boto-2.34.0/boto-2.34.0/boto/iam/connection.py,1,1,0,6
/home/aiyanxu/pair/boto-2.28.0/boto-2.28.0/boto/s3/resumable_download_handler.py,1,/home/aiyanxu/pair/boto-2.34.0/boto-2.34.0/boto/s3/resumable_download_handler.py,1,0,0,8
/home/aiyanxu/pair/boto-2.28.0/boto-2.28.0/boto/sdb/item.py,1,/home/aiyanxu/pair/boto-2.34.0/boto-2.34.0/boto/sdb/item.py,0,0,0,0
/home/aiyanxu/pair/boto-2.28.0/boto-2.28.0/boto/s3/connection.py,1,/home/aiyanxu/pair/boto-2.34.0/boto-2.34.0/boto/s3/connection.py,1,4,1,7
/home/aiyanxu/pair/boto-2.28.0/boto-2.28.0/boto/rds/dbsecuritygroup.py,1,/home/aiyanxu/pair/boto-2.34.0/boto-2.34.0/boto/rds/dbsecuritygroup.py,0,0,0,0
/home/aiyanxu/pair/boto-2.28.0/boto-2.28.0/tests/unit/cloudsearch2/test_search.py,1,/home/aiyanxu/pair/boto-2.34.0/boto-2.34.0/tests/unit/cloudsearch2/test_search.py,1,4,3,37
/home/aiyanxu/pair/boto-2.28.0/boto-2.28.0/boto/ec2/elb/loadbalancer.py,1,/home/aiyanxu/pair/boto-2.34.0/boto-2.34.0/boto/ec2/elb/loadbalancer.py,1,2,0,18
/home/aiyanxu/pair/boto-2.28.0/boto-2.28.0/boto/mashups/iobject.py,1,/home/aiyanxu/pair/boto-2.34.0/boto-2.34.0/boto/mashups/iobject.py,1,0,0,10
/home/aiyanxu/pair/boto-2.28.0/boto-2.28.0/tests/integration/ec2/autoscale/test_connection.py,1,/home/aiyanxu/pair/boto-2.34.0/boto-2.34.0/tests/integration/ec2/autoscale/test_connection.py,1,1,1,2
/home/aiyanxu/pair/boto-2.28.0/boto-2.28.0/boto/cloudsearch/layer1.py,1,/home/aiyanxu/pair/boto-2.34.0/boto-2.34.0/boto/cloudsearch/layer1.py,0,0,0,0
/home/aiyanxu/pair/boto-2.28.0/boto-2.28.0/boto/elastictranscoder/exceptions.py,1,/home/aiyanxu/pair/boto-2.34.0/boto-2.34.0/boto/elastictranscoder/exceptions.py,0,0,0,0
/home/aiyanxu/pair/boto-2.28.0/boto-2.28.0/boto/cloudfront/origin.py,1,/home/aiyanxu/pair/boto-2.34.0/boto-2.34.0/boto/cloudfront/origin.py,1,0,0,1
/home/aiyanxu/pair/boto-2.28.0/boto-2.28.0/boto/ec2/snapshot.py,1,/home/aiyanxu/pair/boto-2.34.0/boto-2.34.0/boto/ec2/snapshot.py,1,3,0,0
/home/aiyanxu/pair/boto-2.28.0/boto-2.28.0/boto/resultset.py,1,/home/aiyanxu/pair/boto-2.34.0/boto-2.34.0/boto/resultset.py,0,0,0,0
/home/aiyanxu/pair/boto-2.28.0/boto-2.28.0/boto/provider.py,1,/home/aiyanxu/pair/boto-2.34.0/boto-2.34.0/boto/provider.py,1,6,0,10
/home/aiyanxu/pair/boto-2.28.0/boto-2.28.0/boto/sdb/connection.py,1,/home/aiyanxu/pair/boto-2.34.0/boto-2.34.0/boto/sdb/connection.py,1,0,0,3
/home/aiyanxu/pair/boto-2.28.0/boto-2.28.0/boto/cloudfront/logging.py,1,/home/aiyanxu/pair/boto-2.34.0/boto-2.34.0/boto/cloudfront/logging.py,0,0,0,0
/home/aiyanxu/pair/boto-2.28.0/boto-2.28.0/boto/ec2/elb/listener.py,1,/home/aiyanxu/pair/boto-2.34.0/boto-2.34.0/boto/ec2/elb/listener.py,1,1,0,1
/home/aiyanxu/pair/boto-2.28.0/boto-2.28.0/tests/devpay/test_s3.py,1,/home/aiyanxu/pair/boto-2.34.0/boto-2.34.0/tests/devpay/test_s3.py,0,0,0,0
/home/aiyanxu/pair/boto-2.28.0/boto-2.28.0/tests/unit/cloudsearch/test_search.py,1,/home/aiyanxu/pair/boto-2.34.0/boto-2.34.0/tests/unit/cloudsearch/test_search.py,1,1,2,43
/home/aiyanxu/pair/boto-2.28.0/boto-2.28.0/boto/ec2/volume.py,1,/home/aiyanxu/pair/boto-2.34.0/boto-2.34.0/boto/ec2/volume.py,1,3,0,0
/home/aiyanxu/pair/boto-2.28.0/boto-2.28.0/boto/ec2/cloudwatch/alarm.py,1,/home/aiyanxu/pair/boto-2.34.0/boto-2.34.0/boto/ec2/cloudwatch/alarm.py,1,1,1,2
/home/aiyanxu/pair/boto-2.28.0/boto-2.28.0/boto/sqs/attributes.py,1,/home/aiyanxu/pair/boto-2.34.0/boto-2.34.0/boto/sqs/attributes.py,0,0,0,0
/home/aiyanxu/pair/boto-2.28.0/boto-2.28.0/boto/vpc/vpnconnection.py,1,/home/aiyanxu/pair/boto-2.34.0/boto-2.34.0/boto/vpc/vpnconnection.py,0,0,0,0
/home/aiyanxu/pair/boto-2.28.0/boto-2.28.0/boto/beanstalk/response.py,1,/home/aiyanxu/pair/boto-2.34.0/boto-2.34.0/boto/beanstalk/response.py,1,1,0,1
/home/aiyanxu/pair/boto-2.28.0/boto-2.28.0/boto/ec2/volumestatus.py,1,/home/aiyanxu/pair/boto-2.34.0/boto-2.34.0/boto/ec2/volumestatus.py,0,0,0,0
/home/aiyanxu/pair/boto-2.28.0/boto-2.28.0/tests/unit/emr/test_connection.py,1,/home/aiyanxu/pair/boto-2.34.0/boto-2.34.0/tests/unit/emr/test_connection.py,1,2,2,12
/home/aiyanxu/pair/boto-2.28.0/boto-2.28.0/boto/vpc/networkacl.py,1,/home/aiyanxu/pair/boto-2.34.0/boto-2.34.0/boto/vpc/networkacl.py,1,0,0,1
/home/aiyanxu/pair/boto-2.28.0/boto-2.28.0/boto/ec2/instancetype.py,1,/home/aiyanxu/pair/boto-2.34.0/boto-2.34.0/boto/ec2/instancetype.py,0,0,0,0
/home/aiyanxu/pair/boto-2.28.0/boto-2.28.0/boto/ec2/autoscale/instance.py,1,/home/aiyanxu/pair/boto-2.34.0/boto-2.34.0/boto/ec2/autoscale/instance.py,0,0,0,0
/home/aiyanxu/pair/boto-2.28.0/boto-2.28.0/tests/unit/test_regioninfo.py,1,/home/aiyanxu/pair/boto-2.34.0/boto-2.34.0/tests/unit/test_regioninfo.py,1,0,2,2
/home/aiyanxu/pair/boto-2.28.0/boto-2.28.0/boto/rds/dbinstance.py,1,/home/aiyanxu/pair/boto-2.34.0/boto-2.34.0/boto/rds/dbinstance.py,0,0,0,0
/home/aiyanxu/pair/boto-2.28.0/boto-2.28.0/boto/route53/hostedzone.py,1,/home/aiyanxu/pair/boto-2.34.0/boto-2.34.0/boto/route53/hostedzone.py,0,0,0,0
/home/aiyanxu/pair/boto-2.28.0/boto-2.28.0/boto/ec2/keypair.py,1,/home/aiyanxu/pair/boto-2.34.0/boto-2.34.0/boto/ec2/keypair.py,1,0,0,1
/home/aiyanxu/pair/boto-2.28.0/boto-2.28.0/tests/unit/rds/test_connection.py,1,/home/aiyanxu/pair/boto-2.34.0/boto-2.34.0/tests/unit/rds/test_connection.py,0,0,0,0
/home/aiyanxu/pair/boto-2.28.0/boto-2.28.0/boto/ec2/autoscale/scheduled.py,1,/home/aiyanxu/pair/boto-2.34.0/boto-2.34.0/boto/ec2/autoscale/scheduled.py,0,0,0,0
/home/aiyanxu/pair/boto-2.28.0/boto-2.28.0/boto/emr/step.py,1,/home/aiyanxu/pair/boto-2.34.0/boto-2.34.0/boto/emr/step.py,1,1,0,2
/home/aiyanxu/pair/boto-2.28.0/boto-2.28.0/boto/ec2/instanceinfo.py,1,/home/aiyanxu/pair/boto-2.34.0/boto-2.34.0/boto/ec2/instanceinfo.py,0,0,0,0
/home/aiyanxu/pair/boto-2.28.0/boto-2.28.0/boto/ec2/autoscale/launchconfig.py,1,/home/aiyanxu/pair/boto-2.34.0/boto-2.34.0/boto/ec2/autoscale/launchconfig.py,1,0,1,2
/home/aiyanxu/pair/boto-2.28.0/boto-2.28.0/boto/emr/bootstrap_action.py,1,/home/aiyanxu/pair/boto-2.34.0/boto-2.34.0/boto/emr/bootstrap_action.py,1,1,0,1
/home/aiyanxu/pair/boto-2.28.0/boto-2.28.0/boto/gs/cors.py,1,/home/aiyanxu/pair/boto-2.34.0/boto-2.34.0/boto/gs/cors.py,1,0,0,1
/home/aiyanxu/pair/boto-2.28.0/boto-2.28.0/boto/ses/connection.py,1,/home/aiyanxu/pair/boto-2.34.0/boto-2.34.0/boto/ses/connection.py,1,1,1,6
/home/aiyanxu/pair/boto-2.28.0/boto-2.28.0/boto/sqs/batchresults.py,1,/home/aiyanxu/pair/boto-2.34.0/boto-2.34.0/boto/sqs/batchresults.py,0,0,0,0
/home/aiyanxu/pair/boto-2.28.0/boto-2.28.0/boto/s3/lifecycle.py,1,/home/aiyanxu/pair/boto-2.34.0/boto-2.34.0/boto/s3/lifecycle.py,1,0,0,2
/home/aiyanxu/pair/boto-2.28.0/boto-2.28.0/boto/sdb/domain.py,1,/home/aiyanxu/pair/boto-2.34.0/boto-2.34.0/boto/sdb/domain.py,1,2,0,13
/home/aiyanxu/pair/boto-2.28.0/boto-2.28.0/boto/s3/multipart.py,1,/home/aiyanxu/pair/boto-2.34.0/boto-2.34.0/boto/s3/multipart.py,1,0,0,2
/home/aiyanxu/pair/boto-2.28.0/boto-2.28.0/boto/vpc/__init__.py,1,/home/aiyanxu/pair/boto-2.34.0/boto-2.34.0/boto/vpc/__init__.py,1,8,0,36
/home/aiyanxu/pair/boto-2.28.0/boto-2.28.0/boto/ec2/cloudwatch/__init__.py,1,/home/aiyanxu/pair/boto-2.34.0/boto-2.34.0/boto/ec2/cloudwatch/__init__.py,1,0,0,5
/home/aiyanxu/pair/boto-2.28.0/boto-2.28.0/tests/mturk/selenium_support.py,1,/home/aiyanxu/pair/boto-2.34.0/boto-2.34.0/tests/mturk/selenium_support.py,0,0,0,0
/home/aiyanxu/pair/boto-2.28.0/boto-2.28.0/boto/rds/vpcsecuritygroupmembership.py,1,/home/aiyanxu/pair/boto-2.34.0/boto-2.34.0/boto/rds/vpcsecuritygroupmembership.py,0,0,0,0
/home/aiyanxu/pair/boto-2.28.0/boto-2.28.0/boto/vpc/vpc.py,1,/home/aiyanxu/pair/boto-2.34.0/boto-2.34.0/boto/vpc/vpc.py,0,0,0,0
/home/aiyanxu/pair/boto-2.28.0/boto-2.28.0/boto/beanstalk/exception.py,1,/home/aiyanxu/pair/boto-2.34.0/boto-2.34.0/boto/beanstalk/exception.py,1,0,0,8
/home/aiyanxu/pair/boto-2.28.0/boto-2.28.0/boto/ec2/group.py,1,/home/aiyanxu/pair/boto-2.34.0/boto-2.34.0/boto/ec2/group.py,0,0,0,0
/home/aiyanxu/pair/boto-2.28.0/boto-2.28.0/boto/vpc/vpngateway.py,1,/home/aiyanxu/pair/boto-2.34.0/boto-2.34.0/boto/vpc/vpngateway.py,0,0,0,0
/home/aiyanxu/pair/boto-2.28.0/boto-2.28.0/boto/ec2/elb/instancestate.py,1,/home/aiyanxu/pair/boto-2.34.0/boto-2.34.0/boto/ec2/elb/instancestate.py,0,0,0,0
/home/aiyanxu/pair/boto-2.28.0/boto-2.28.0/boto/ec2/cloudwatch/dimension.py,1,/home/aiyanxu/pair/boto-2.34.0/boto-2.34.0/boto/ec2/cloudwatch/dimension.py,0,0,0,0
/home/aiyanxu/pair/boto-2.28.0/boto-2.28.0/boto/gs/user.py,1,/home/aiyanxu/pair/boto-2.34.0/boto-2.34.0/boto/gs/user.py,0,0,0,0
/home/aiyanxu/pair/boto-2.28.0/boto-2.28.0/boto/s3/key.py,1,/home/aiyanxu/pair/boto-2.34.0/boto-2.34.0/boto/s3/key.py,1,8,6,39
/home/aiyanxu/pair/boto-2.28.0/boto-2.28.0/boto/ec2/autoscale/request.py,1,/home/aiyanxu/pair/boto-2.34.0/boto-2.34.0/boto/ec2/autoscale/request.py,0,0,0,0
/home/aiyanxu/pair/boto-2.28.0/boto-2.28.0/boto/mws/response.py,1,/home/aiyanxu/pair/boto-2.34.0/boto-2.34.0/boto/mws/response.py,1,1,0,0
/home/aiyanxu/pair/boto-2.28.0/boto-2.28.0/boto/rds/optiongroup.py,1,/home/aiyanxu/pair/boto-2.34.0/boto-2.34.0/boto/rds/optiongroup.py,0,0,0,0
/home/aiyanxu/pair/boto-2.28.0/boto-2.28.0/boto/sqs/queue.py,1,/home/aiyanxu/pair/boto-2.34.0/boto-2.34.0/boto/sqs/queue.py,1,0,0,6
/home/aiyanxu/pair/boto-2.28.0/boto-2.28.0/boto/ec2/spotpricehistory.py,1,/home/aiyanxu/pair/boto-2.34.0/boto-2.34.0/boto/ec2/spotpricehistory.py,0,0,0,0
/home/aiyanxu/pair/boto-2.28.0/boto-2.28.0/boto/ec2/autoscale/policy.py,1,/home/aiyanxu/pair/boto-2.34.0/boto-2.34.0/boto/ec2/autoscale/policy.py,0,0,0,0
/home/aiyanxu/pair/boto-2.28.0/boto-2.28.0/tests/unit/ec2/test_volume.py,1,/home/aiyanxu/pair/boto-2.34.0/boto-2.34.0/tests/unit/ec2/test_volume.py,1,0,0,6
/home/aiyanxu/pair/boto-2.28.0/boto-2.28.0/boto/rds/statusinfo.py,1,/home/aiyanxu/pair/boto-2.34.0/boto-2.34.0/boto/rds/statusinfo.py,0,0,0,0
/home/aiyanxu/pair/boto-2.28.0/boto-2.28.0/boto/s3/deletemarker.py,1,/home/aiyanxu/pair/boto-2.34.0/boto-2.34.0/boto/s3/deletemarker.py,0,0,0,0
/home/aiyanxu/pair/boto-2.28.0/boto-2.28.0/boto/ec2/autoscale/limits.py,1,/home/aiyanxu/pair/boto-2.34.0/boto-2.34.0/boto/ec2/autoscale/limits.py,0,0,0,0
/home/aiyanxu/pair/boto-2.28.0/boto-2.28.0/boto/beanstalk/wrapper.py,1,/home/aiyanxu/pair/boto-2.34.0/boto-2.34.0/boto/beanstalk/wrapper.py,1,0,0,1
/home/aiyanxu/pair/boto-2.28.0/boto-2.28.0/boto/mws/connection.py,1,/home/aiyanxu/pair/boto-2.34.0/boto-2.34.0/boto/mws/connection.py,1,8,7,21
/home/aiyanxu/pair/boto-2.28.0/boto-2.28.0/boto/sdb/db/model.py,1,/home/aiyanxu/pair/boto-2.34.0/boto-2.34.0/boto/sdb/db/model.py,1,1,0,1
/home/aiyanxu/pair/boto-2.28.0/boto-2.28.0/boto/vpc/routetable.py,1,/home/aiyanxu/pair/boto-2.34.0/boto-2.34.0/boto/vpc/routetable.py,1,2,0,0
/home/aiyanxu/pair/boto-2.28.0/boto-2.28.0/boto/swf/layer2.py,1,/home/aiyanxu/pair/boto-2.34.0/boto-2.34.0/boto/swf/layer2.py,0,0,0,0
/home/aiyanxu/pair/boto-2.28.0/boto-2.28.0/tests/unit/ec2/autoscale/test_group.py,1,/home/aiyanxu/pair/boto-2.34.0/boto-2.34.0/tests/unit/ec2/autoscale/test_group.py,1,2,6,16
/home/aiyanxu/pair/boto-2.28.0/boto-2.28.0/tests/unit/ec2/elb/test_attribute.py,1,/home/aiyanxu/pair/boto-2.34.0/boto-2.34.0/tests/unit/ec2/elb/test_attribute.py,1,2,0,5
/home/aiyanxu/pair/boto-2.28.0/boto-2.28.0/boto/ec2/elb/healthcheck.py,1,/home/aiyanxu/pair/boto-2.34.0/boto-2.34.0/boto/ec2/elb/healthcheck.py,0,0,0,0
/home/aiyanxu/pair/boto-2.28.0/boto-2.28.0/tests/unit/ec2/test_blockdevicemapping.py,1,/home/aiyanxu/pair/boto-2.34.0/boto-2.34.0/tests/unit/ec2/test_blockdevicemapping.py,1,3,0,8
/home/aiyanxu/pair/boto-2.28.0/boto-2.28.0/boto/fps/connection.py,1,/home/aiyanxu/pair/boto-2.34.0/boto-2.34.0/boto/fps/connection.py,1,0,0,1
/home/aiyanxu/pair/boto-2.28.0/boto-2.28.0/boto/ec2/zone.py,1,/home/aiyanxu/pair/boto-2.34.0/boto-2.34.0/boto/ec2/zone.py,0,0,0,0
/home/aiyanxu/pair/boto-2.28.0/boto-2.28.0/boto/storage_uri.py,1,/home/aiyanxu/pair/boto-2.34.0/boto-2.34.0/boto/storage_uri.py,1,0,0,2
/home/aiyanxu/pair/boto-2.28.0/boto-2.28.0/boto/auth.py,1,/home/aiyanxu/pair/boto-2.34.0/boto-2.34.0/boto/auth.py,1,7,8,42
/home/aiyanxu/pair/boto-2.28.0/boto-2.28.0/boto/dynamodb/types.py,1,/home/aiyanxu/pair/boto-2.34.0/boto-2.34.0/boto/dynamodb/types.py,1,7,0,17
/home/aiyanxu/pair/boto-2.28.0/boto-2.28.0/boto/services/bs.py,1,/home/aiyanxu/pair/boto-2.34.0/boto-2.34.0/boto/services/bs.py,1,0,0,17
/home/aiyanxu/pair/boto-2.28.0/boto-2.28.0/boto/ec2/connection.py,1,/home/aiyanxu/pair/boto-2.34.0/boto-2.34.0/boto/ec2/connection.py,1,10,0,18
/home/aiyanxu/pair/boto-2.28.0/boto-2.28.0/tests/unit/mws/test_response.py,1,/home/aiyanxu/pair/boto-2.34.0/boto-2.34.0/tests/unit/mws/test_response.py,1,1,1,13
/home/aiyanxu/pair/boto-2.28.0/boto-2.28.0/tests/mturk/cleanup_tests.py,1,/home/aiyanxu/pair/boto-2.34.0/boto-2.34.0/tests/mturk/cleanup_tests.py,0,0,0,0
/home/aiyanxu/pair/boto-2.28.0/boto-2.28.0/boto/ec2/autoscale/group.py,1,/home/aiyanxu/pair/boto-2.34.0/boto-2.34.0/boto/ec2/autoscale/group.py,0,0,0,0
/home/aiyanxu/pair/boto-2.28.0/boto-2.28.0/tests/unit/route53/test_connection.py,1,/home/aiyanxu/pair/boto-2.34.0/boto-2.34.0/tests/unit/route53/test_connection.py,1,9,1,15
/home/aiyanxu/pair/boto-2.28.0/boto-2.28.0/tests/unit/cloudfront/test_connection.py,1,/home/aiyanxu/pair/boto-2.34.0/boto-2.34.0/tests/unit/cloudfront/test_connection.py,1,0,0,6
/home/aiyanxu/pair/boto-2.28.0/boto-2.28.0/boto/dynamodb/condition.py,1,/home/aiyanxu/pair/boto-2.34.0/boto-2.34.0/boto/dynamodb/condition.py,0,0,0,0
/home/aiyanxu/pair/boto-2.28.0/boto-2.28.0/boto/dynamodb/batch.py,1,/home/aiyanxu/pair/boto-2.34.0/boto-2.34.0/boto/dynamodb/batch.py,1,1,0,1
/home/aiyanxu/pair/boto-2.28.0/boto-2.28.0/boto/manage/server.py,1,/home/aiyanxu/pair/boto-2.34.0/boto-2.34.0/boto/manage/server.py,1,1,0,17
/home/aiyanxu/pair/boto-2.28.0/boto-2.28.0/boto/sdb/db/sequence.py,1,/home/aiyanxu/pair/boto-2.34.0/boto-2.34.0/boto/sdb/db/sequence.py,1,1,0,3
/home/aiyanxu/pair/boto-2.28.0/boto-2.28.0/boto/glacier/concurrent.py,1,/home/aiyanxu/pair/boto-2.34.0/boto-2.34.0/boto/glacier/concurrent.py,1,0,2,16
/home/aiyanxu/pair/boto-2.28.0/boto-2.28.0/tests/integration/s3/test_connection.py,1,/home/aiyanxu/pair/boto-2.34.0/boto-2.34.0/tests/integration/s3/test_connection.py,1,1,0,22
/home/aiyanxu/pair/boto-2.28.0/boto-2.28.0/boto/gs/bucket.py,1,/home/aiyanxu/pair/boto-2.34.0/boto-2.34.0/boto/gs/bucket.py,1,1,0,2
/home/aiyanxu/pair/boto-2.28.0/boto-2.28.0/boto/emr/connection.py,1,/home/aiyanxu/pair/boto-2.34.0/boto-2.34.0/boto/emr/connection.py,1,3,0,16
/home/aiyanxu/pair/boto-2.28.0/boto-2.28.0/boto/gs/key.py,1,/home/aiyanxu/pair/boto-2.34.0/boto-2.34.0/boto/gs/key.py,1,0,0,2
/home/aiyanxu/pair/boto-2.28.0/boto-2.28.0/tests/unit/dynamodb2/test_table.py,1,/home/aiyanxu/pair/boto-2.34.0/boto-2.34.0/tests/unit/dynamodb2/test_table.py,1,4,0,89
/home/aiyanxu/pair/boto-2.28.0/boto-2.28.0/boto/ec2/securitygroup.py,1,/home/aiyanxu/pair/boto-2.34.0/boto-2.34.0/boto/ec2/securitygroup.py,1,0,0,2
/home/aiyanxu/pair/boto-2.28.0/boto-2.28.0/boto/exception.py,1,/home/aiyanxu/pair/boto-2.34.0/boto-2.34.0/boto/exception.py,1,3,0,8
/home/aiyanxu/pair/boto-2.28.0/boto-2.28.0/boto/glacier/layer1.py,1,/home/aiyanxu/pair/boto-2.34.0/boto-2.34.0/boto/glacier/layer1.py,1,0,0,4
/home/aiyanxu/pair/boto-2.28.0/boto-2.28.0/tests/unit/cloudsearch2/test_exceptions.py,1,/home/aiyanxu/pair/boto-2.34.0/boto-2.34.0/tests/unit/cloudsearch2/test_exceptions.py,1,0,1,3
/home/aiyanxu/pair/boto-2.28.0/boto-2.28.0/boto/mturk/question.py,1,/home/aiyanxu/pair/boto-2.34.0/boto-2.34.0/boto/mturk/question.py,0,0,0,0
/home/aiyanxu/pair/boto-2.28.0/boto-2.28.0/tests/unit/cloudsearch/test_exceptions.py,1,/home/aiyanxu/pair/boto-2.34.0/boto-2.34.0/tests/unit/cloudsearch/test_exceptions.py,1,0,1,3
/home/aiyanxu/pair/boto-2.28.0/boto-2.28.0/tests/fps/test.py,1,/home/aiyanxu/pair/boto-2.34.0/boto-2.34.0/tests/fps/test.py,0,0,0,0
/home/aiyanxu/pair/boto-2.28.0/boto-2.28.0/boto/handler.py,1,/home/aiyanxu/pair/boto-2.34.0/boto-2.34.0/boto/handler.py,1,1,1,1
/home/aiyanxu/pair/boto-2.28.0/boto-2.28.0/boto/ec2/ec2object.py,1,/home/aiyanxu/pair/boto-2.34.0/boto-2.34.0/boto/ec2/ec2object.py,1,3,4,9
/home/aiyanxu/pair/boto-2.28.0/boto-2.28.0/boto/sdb/db/manager/__init__.py,1,/home/aiyanxu/pair/boto-2.34.0/boto-2.34.0/boto/sdb/db/manager/__init__.py,0,0,0,0
/home/aiyanxu/pair/boto-2.28.0/boto-2.28.0/tests/integration/mws/test.py,1,/home/aiyanxu/pair/boto-2.34.0/boto-2.34.0/tests/integration/mws/test.py,1,1,0,7
/home/aiyanxu/pair/boto-2.28.0/boto-2.28.0/boto/s3/acl.py,1,/home/aiyanxu/pair/boto-2.34.0/boto-2.34.0/boto/s3/acl.py,1,3,0,0
/home/aiyanxu/pair/boto-2.28.0/boto-2.28.0/tests/integration/s3/mock_storage_service.py,1,/home/aiyanxu/pair/boto-2.34.0/boto-2.34.0/tests/integration/s3/mock_storage_service.py,1,2,0,8
/home/aiyanxu/pair/boto-2.28.0/boto-2.28.0/boto/dynamodb2/table.py,1,/home/aiyanxu/pair/boto-2.34.0/boto-2.34.0/boto/dynamodb2/table.py,1,7,0,8
/home/aiyanxu/pair/boto-2.28.0/boto-2.28.0/boto/ec2/placementgroup.py,1,/home/aiyanxu/pair/boto-2.34.0/boto-2.34.0/boto/ec2/placementgroup.py,0,0,0,0
/home/aiyanxu/pair/boto-2.28.0/boto-2.28.0/boto/vpc/subnet.py,1,/home/aiyanxu/pair/boto-2.34.0/boto-2.34.0/boto/vpc/subnet.py,0,0,0,0
/home/aiyanxu/pair/boto-2.28.0/boto-2.28.0/boto/s3/website.py,1,/home/aiyanxu/pair/boto-2.34.0/boto-2.34.0/boto/s3/website.py,0,0,0,0
/home/aiyanxu/pair/boto-2.28.0/boto-2.28.0/boto/rds/dbsubnetgroup.py,1,/home/aiyanxu/pair/boto-2.34.0/boto-2.34.0/boto/rds/dbsubnetgroup.py,0,0,0,0
/home/aiyanxu/pair/boto-2.28.0/boto-2.28.0/boto/sdb/db/manager/xmlmanager.py,1,/home/aiyanxu/pair/boto-2.34.0/boto-2.34.0/boto/sdb/db/manager/xmlmanager.py,1,2,1,7
/home/aiyanxu/pair/boto-2.28.0/boto-2.28.0/boto/sqs/message.py,1,/home/aiyanxu/pair/boto-2.34.0/boto-2.34.0/boto/sqs/message.py,1,0,1,6
/home/aiyanxu/pair/boto-2.28.0/boto-2.28.0/boto/emr/emrobject.py,1,/home/aiyanxu/pair/boto-2.34.0/boto-2.34.0/boto/emr/emrobject.py,1,2,0,1
/home/aiyanxu/pair/boto-2.28.0/boto-2.28.0/boto/sdb/db/manager/sdbmanager.py,1,/home/aiyanxu/pair/boto-2.34.0/boto-2.34.0/boto/sdb/db/manager/sdbmanager.py,1,2,1,15
/home/aiyanxu/pair/boto-2.28.0/boto-2.28.0/boto/ec2/blockdevicemapping.py,1,/home/aiyanxu/pair/boto-2.34.0/boto-2.34.0/boto/ec2/blockdevicemapping.py,1,3,0,1
/home/aiyanxu/pair/boto-2.28.0/boto-2.28.0/boto/s3/tagging.py,1,/home/aiyanxu/pair/boto-2.34.0/boto-2.34.0/boto/s3/tagging.py,0,0,0,0
/home/aiyanxu/pair/boto-2.28.0/boto-2.28.0/boto/fps/exception.py,1,/home/aiyanxu/pair/boto-2.34.0/boto-2.34.0/boto/fps/exception.py,0,0,0,0
/home/aiyanxu/pair/boto-2.28.0/boto-2.28.0/boto/roboto/awsqueryrequest.py,1,/home/aiyanxu/pair/boto-2.34.0/boto-2.34.0/boto/roboto/awsqueryrequest.py,1,0,0,14
/home/aiyanxu/pair/boto-2.28.0/boto-2.28.0/tests/unit/emr/test_emr_responses.py,1,/home/aiyanxu/pair/boto-2.34.0/boto-2.34.0/tests/unit/emr/test_emr_responses.py,1,1,1,2
/home/aiyanxu/pair/boto-2.28.0/boto-2.28.0/boto/ec2/bundleinstance.py,1,/home/aiyanxu/pair/boto-2.34.0/boto-2.34.0/boto/ec2/bundleinstance.py,0,0,0,0
/home/aiyanxu/pair/boto-2.28.0/boto-2.28.0/boto/fps/response.py,1,/home/aiyanxu/pair/boto-2.34.0/boto-2.34.0/boto/fps/response.py,1,1,0,0
/home/aiyanxu/pair/boto-2.28.0/boto-2.28.0/tests/unit/ec2/test_address.py,1,/home/aiyanxu/pair/boto-2.34.0/boto-2.34.0/tests/unit/ec2/test_address.py,1,1,0,11
/home/aiyanxu/pair/boto-2.28.0/boto-2.28.0/boto/ec2/instancestatus.py,1,/home/aiyanxu/pair/boto-2.34.0/boto-2.34.0/boto/ec2/instancestatus.py,0,0,0,0
/home/aiyanxu/pair/boto-2.28.0/boto-2.28.0/boto/s3/prefix.py,1,/home/aiyanxu/pair/boto-2.34.0/boto-2.34.0/boto/s3/prefix.py,0,0,0,0
/home/aiyanxu/pair/boto-2.28.0/boto-2.28.0/boto/ec2/spotinstancerequest.py,1,/home/aiyanxu/pair/boto-2.34.0/boto-2.34.0/boto/ec2/spotinstancerequest.py,0,0,0,0
/home/aiyanxu/pair/boto-2.28.0/boto-2.28.0/boto/rds/logfile.py,1,/home/aiyanxu/pair/boto-2.34.0/boto-2.34.0/boto/rds/logfile.py,0,0,0,0
/home/aiyanxu/pair/boto-2.28.0/boto-2.28.0/boto/s3/user.py,1,/home/aiyanxu/pair/boto-2.34.0/boto-2.34.0/boto/s3/user.py,0,0,0,0
/home/aiyanxu/pair/boto-2.28.0/boto-2.28.0/boto/cloudformation/template.py,1,/home/aiyanxu/pair/boto-2.34.0/boto-2.34.0/boto/cloudformation/template.py,0,0,0,0
/home/aiyanxu/pair/boto-2.28.0/boto-2.28.0/boto/rds/dbsnapshot.py,1,/home/aiyanxu/pair/boto-2.34.0/boto-2.34.0/boto/rds/dbsnapshot.py,0,0,0,0
/home/aiyanxu/pair/boto-2.28.0/boto-2.28.0/boto/s3/multidelete.py,1,/home/aiyanxu/pair/boto-2.34.0/boto-2.34.0/boto/s3/multidelete.py,0,0,0,0
/home/aiyanxu/pair/boto-2.28.0/boto-2.28.0/boto/vpc/internetgateway.py,1,/home/aiyanxu/pair/boto-2.34.0/boto-2.34.0/boto/vpc/internetgateway.py,0,0,0,0
/home/aiyanxu/pair/boto-2.28.0/boto-2.28.0/boto/ec2/tag.py,1,/home/aiyanxu/pair/boto-2.34.0/boto-2.34.0/boto/ec2/tag.py,0,0,0,0
/home/aiyanxu/pair/boto-2.28.0/boto-2.28.0/boto/connection.py,1,/home/aiyanxu/pair/boto-2.34.0/boto-2.34.0/boto/connection.py,1,9,8,52
/home/aiyanxu/pair/boto-2.28.0/boto-2.28.0/boto/regioninfo.py,1,/home/aiyanxu/pair/boto-2.34.0/boto-2.34.0/boto/regioninfo.py,1,0,1,3
/home/aiyanxu/pair/boto-2.28.0/boto-2.28.0/boto/cloudformation/stack.py,1,/home/aiyanxu/pair/boto-2.34.0/boto-2.34.0/boto/cloudformation/stack.py,0,0,0,0
/home/aiyanxu/pair/boto-2.28.0/boto-2.28.0/boto/ec2/autoscale/activity.py,1,/home/aiyanxu/pair/boto-2.34.0/boto-2.34.0/boto/ec2/autoscale/activity.py,0,0,0,0
/home/aiyanxu/pair/boto-2.28.0/boto-2.28.0/boto/roboto/param.py,1,/home/aiyanxu/pair/boto-2.34.0/boto-2.34.0/boto/roboto/param.py,0,0,0,0
/home/aiyanxu/pair/boto-2.28.0/boto-2.28.0/boto/manage/propget.py,1,/home/aiyanxu/pair/boto-2.34.0/boto-2.34.0/boto/manage/propget.py,1,0,0,5
/home/aiyanxu/pair/boto-2.28.0/boto-2.28.0/boto/s3/bucketlogging.py,1,/home/aiyanxu/pair/boto-2.34.0/boto-2.34.0/boto/s3/bucketlogging.py,1,0,0,1
/home/aiyanxu/pair/boto-2.28.0/boto-2.28.0/boto/jsonresponse.py,1,/home/aiyanxu/pair/boto-2.34.0/boto-2.34.0/boto/jsonresponse.py,1,1,0,1
/home/aiyanxu/pair/boto-2.28.0/boto-2.28.0/boto/dynamodb2/results.py,1,/home/aiyanxu/pair/boto-2.34.0/boto-2.34.0/boto/dynamodb2/results.py,1,1,0,3
/home/aiyanxu/pair/boto-2.28.0/boto-2.28.0/boto/mashups/server.py,1,/home/aiyanxu/pair/boto-2.34.0/boto-2.34.0/boto/mashups/server.py,1,1,1,20
/home/aiyanxu/pair/boto-2.28.0/boto-2.28.0/tests/unit/mws/test_connection.py,1,/home/aiyanxu/pair/boto-2.34.0/boto-2.34.0/tests/unit/mws/test_connection.py,1,5,0,4
/home/aiyanxu/pair/boto-2.28.0/boto-2.28.0/boto/cloudfront/identity.py,1,/home/aiyanxu/pair/boto-2.34.0/boto-2.34.0/boto/cloudfront/identity.py,0,0,0,0
/home/aiyanxu/pair/boto-2.28.0/boto-2.28.0/tests/mturk/_init_environment.py,1,/home/aiyanxu/pair/boto-2.34.0/boto-2.34.0/tests/mturk/_init_environment.py,0,0,0,0
/home/aiyanxu/pair/boto-2.28.0/boto-2.28.0/tests/integration/swf/__init__.py,1,/home/aiyanxu/pair/boto-2.34.0/boto-2.34.0/tests/integration/swf/__init__.py,0,0,0,0
/home/aiyanxu/pair/boto-2.28.0/boto-2.28.0/boto/elastictranscoder/__init__.py,1,/home/aiyanxu/pair/boto-2.34.0/boto-2.34.0/boto/elastictranscoder/__init__.py,0,0,0,0
/home/aiyanxu/pair/boto-2.28.0/boto-2.28.0/tests/integration/cloudtrail/__init__.py,1,/home/aiyanxu/pair/boto-2.34.0/boto-2.34.0/tests/integration/cloudtrail/__init__.py,0,0,0,0
/home/aiyanxu/pair/boto-2.28.0/boto-2.28.0/tests/integration/directconnect/__init__.py,1,/home/aiyanxu/pair/boto-2.34.0/boto-2.34.0/tests/integration/directconnect/__init__.py,0,0,0,0
/home/aiyanxu/pair/boto-2.28.0/boto-2.28.0/tests/unit/rds/__init__.py,1,/home/aiyanxu/pair/boto-2.34.0/boto-2.34.0/tests/unit/rds/__init__.py,0,0,0,0
/home/aiyanxu/pair/boto-2.28.0/boto-2.28.0/tests/integration/rds2/test_connection.py,1,/home/aiyanxu/pair/boto-2.34.0/boto-2.34.0/tests/integration/rds2/test_connection.py,0,0,0,0
/home/aiyanxu/pair/boto-2.28.0/boto-2.28.0/tests/unit/beanstalk/__init__.py,1,/home/aiyanxu/pair/boto-2.34.0/boto-2.34.0/tests/unit/beanstalk/__init__.py,0,0,0,0
/home/aiyanxu/pair/boto-2.28.0/boto-2.28.0/tests/integration/gs/test_storage_uri.py,1,/home/aiyanxu/pair/boto-2.34.0/boto-2.34.0/tests/integration/gs/test_storage_uri.py,0,0,0,0
/home/aiyanxu/pair/boto-2.28.0/boto-2.28.0/tests/integration/opsworks/test_layer1.py,1,/home/aiyanxu/pair/boto-2.34.0/boto-2.34.0/tests/integration/opsworks/test_layer1.py,1,4,2,0
/home/aiyanxu/pair/boto-2.28.0/boto-2.28.0/tests/integration/emr/test_cert_verification.py,1,/home/aiyanxu/pair/boto-2.34.0/boto-2.34.0/tests/integration/emr/test_cert_verification.py,0,0,0,0
/home/aiyanxu/pair/boto-2.28.0/boto-2.28.0/boto/route53/record.py,1,/home/aiyanxu/pair/boto-2.34.0/boto-2.34.0/boto/route53/record.py,1,3,0,13
/home/aiyanxu/pair/boto-2.28.0/boto-2.28.0/boto/pyami/launch_ami.py,1,/home/aiyanxu/pair/boto-2.34.0/boto-2.34.0/boto/pyami/launch_ami.py,1,0,0,11
/home/aiyanxu/pair/boto-2.28.0/boto-2.28.0/tests/integration/dynamodb/__init__.py,1,/home/aiyanxu/pair/boto-2.34.0/boto-2.34.0/tests/integration/dynamodb/__init__.py,0,0,0,0
/home/aiyanxu/pair/boto-2.28.0/boto-2.28.0/tests/unit/vpc/test_vpc.py,1,/home/aiyanxu/pair/boto-2.34.0/boto-2.34.0/tests/unit/vpc/test_vpc.py,1,0,0,4
/home/aiyanxu/pair/boto-2.28.0/boto-2.28.0/tests/unit/cloudsearch2/__init__.py,1,/home/aiyanxu/pair/boto-2.34.0/boto-2.34.0/tests/unit/cloudsearch2/__init__.py,1,0,0,1
/home/aiyanxu/pair/boto-2.28.0/boto-2.28.0/tests/unit/mws/__init__.py,1,/home/aiyanxu/pair/boto-2.34.0/boto-2.34.0/tests/unit/mws/__init__.py,0,0,0,0
/home/aiyanxu/pair/boto-2.28.0/boto-2.28.0/tests/integration/cloudsearch2/__init__.py,1,/home/aiyanxu/pair/boto-2.34.0/boto-2.34.0/tests/integration/cloudsearch2/__init__.py,0,0,0,0
/home/aiyanxu/pair/boto-2.28.0/boto-2.28.0/tests/integration/cloudsearch/test_layers.py,1,/home/aiyanxu/pair/boto-2.34.0/boto-2.34.0/tests/integration/cloudsearch/test_layers.py,0,0,0,0
/home/aiyanxu/pair/boto-2.28.0/boto-2.28.0/tests/integration/storage_uri/test_storage_uri.py,1,/home/aiyanxu/pair/boto-2.34.0/boto-2.34.0/tests/integration/storage_uri/test_storage_uri.py,0,0,0,0
/home/aiyanxu/pair/boto-2.28.0/boto-2.28.0/boto/pyami/bootstrap.py,1,/home/aiyanxu/pair/boto-2.34.0/boto-2.34.0/boto/pyami/bootstrap.py,1,0,0,1
/home/aiyanxu/pair/boto-2.28.0/boto-2.28.0/boto/rds2/layer1.py,1,/home/aiyanxu/pair/boto-2.34.0/boto-2.34.0/boto/rds2/layer1.py,1,1,5,1
/home/aiyanxu/pair/boto-2.28.0/boto-2.28.0/boto/pyami/scriptbase.py,1,/home/aiyanxu/pair/boto-2.34.0/boto-2.34.0/boto/pyami/scriptbase.py,1,0,0,1
/home/aiyanxu/pair/boto-2.28.0/boto-2.28.0/boto/ses/exceptions.py,1,/home/aiyanxu/pair/boto-2.34.0/boto-2.34.0/boto/ses/exceptions.py,0,0,0,0
/home/aiyanxu/pair/boto-2.28.0/boto-2.28.0/boto/redshift/exceptions.py,1,/home/aiyanxu/pair/boto-2.34.0/boto-2.34.0/boto/redshift/exceptions.py,1,1,4,0
/home/aiyanxu/pair/boto-2.28.0/boto-2.28.0/tests/unit/swf/test_layer2_base.py,1,/home/aiyanxu/pair/boto-2.34.0/boto-2.34.0/tests/unit/swf/test_layer2_base.py,0,0,0,0
/home/aiyanxu/pair/boto-2.28.0/boto-2.28.0/tests/unit/test_exception.py,1,/home/aiyanxu/pair/boto-2.34.0/boto-2.34.0/tests/unit/test_exception.py,1,0,0,2
/home/aiyanxu/pair/boto-2.28.0/boto-2.28.0/tests/integration/sts/test_cert_verification.py,1,/home/aiyanxu/pair/boto-2.34.0/boto-2.34.0/tests/integration/sts/test_cert_verification.py,0,0,0,0
/home/aiyanxu/pair/boto-2.28.0/boto-2.28.0/tests/integration/ses/test_connection.py,1,/home/aiyanxu/pair/boto-2.34.0/boto-2.34.0/tests/integration/ses/test_connection.py,1,0,2,1
/home/aiyanxu/pair/boto-2.28.0/boto-2.28.0/tests/mturk/all_tests.py,1,/home/aiyanxu/pair/boto-2.34.0/boto-2.34.0/tests/mturk/all_tests.py,0,0,0,0
/home/aiyanxu/pair/boto-2.28.0/boto-2.28.0/tests/integration/sqs/__init__.py,1,/home/aiyanxu/pair/boto-2.34.0/boto-2.34.0/tests/integration/sqs/__init__.py,0,0,0,0
/home/aiyanxu/pair/boto-2.28.0/boto-2.28.0/tests/integration/sqs/test_connection.py,1,/home/aiyanxu/pair/boto-2.34.0/boto-2.34.0/tests/integration/sqs/test_connection.py,1,0,2,4
/home/aiyanxu/pair/boto-2.28.0/boto-2.28.0/tests/unit/sqs/test_queue.py,1,/home/aiyanxu/pair/boto-2.34.0/boto-2.34.0/tests/unit/sqs/test_queue.py,1,3,0,0
/home/aiyanxu/pair/boto-2.28.0/boto-2.28.0/tests/integration/s3/test_bucket.py,1,/home/aiyanxu/pair/boto-2.34.0/boto-2.34.0/tests/integration/s3/test_bucket.py,1,3,0,3
/home/aiyanxu/pair/boto-2.28.0/boto-2.28.0/boto/requestlog.py,1,/home/aiyanxu/pair/boto-2.34.0/boto-2.34.0/boto/requestlog.py,1,1,0,4
/home/aiyanxu/pair/boto-2.28.0/boto-2.28.0/tests/integration/dynamodb/test_layer1.py,1,/home/aiyanxu/pair/boto-2.34.0/boto-2.34.0/tests/integration/dynamodb/test_layer1.py,1,0,0,4
/home/aiyanxu/pair/boto-2.28.0/boto-2.28.0/tests/unit/ses/test_identity.py,1,/home/aiyanxu/pair/boto-2.34.0/boto-2.34.0/tests/unit/ses/test_identity.py,1,0,0,3
/home/aiyanxu/pair/boto-2.28.0/boto-2.28.0/tests/unit/sns/__init__.py,1,/home/aiyanxu/pair/boto-2.34.0/boto-2.34.0/tests/unit/sns/__init__.py,0,0,0,0
/home/aiyanxu/pair/boto-2.28.0/boto-2.28.0/tests/integration/dynamodb2/test_cert_verification.py,1,/home/aiyanxu/pair/boto-2.34.0/boto-2.34.0/tests/integration/dynamodb2/test_cert_verification.py,0,0,0,0
/home/aiyanxu/pair/boto-2.28.0/boto-2.28.0/boto/support/exceptions.py,1,/home/aiyanxu/pair/boto-2.34.0/boto-2.34.0/boto/support/exceptions.py,1,1,0,0
/home/aiyanxu/pair/boto-2.28.0/boto-2.28.0/boto/opsworks/layer1.py,1,/home/aiyanxu/pair/boto-2.34.0/boto-2.34.0/boto/opsworks/layer1.py,1,25,22,139
/home/aiyanxu/pair/boto-2.28.0/boto-2.28.0/boto/manage/test_manage.py,1,/home/aiyanxu/pair/boto-2.34.0/boto-2.34.0/boto/manage/test_manage.py,1,0,0,14
/home/aiyanxu/pair/boto-2.28.0/boto-2.28.0/boto/manage/cmdshell.py,1,/home/aiyanxu/pair/boto-2.34.0/boto-2.34.0/boto/manage/cmdshell.py,1,16,1,26
/home/aiyanxu/pair/boto-2.28.0/boto-2.28.0/boto/kinesis/__init__.py,1,/home/aiyanxu/pair/boto-2.34.0/boto-2.34.0/boto/kinesis/__init__.py,0,0,0,0
/home/aiyanxu/pair/boto-2.28.0/boto-2.28.0/boto/route53/healthcheck.py,1,/home/aiyanxu/pair/boto-2.34.0/boto-2.34.0/boto/route53/healthcheck.py,1,2,0,4
/home/aiyanxu/pair/boto-2.28.0/boto-2.28.0/tests/integration/cloudtrail/test_cloudtrail.py,1,/home/aiyanxu/pair/boto-2.34.0/boto-2.34.0/tests/integration/cloudtrail/test_cloudtrail.py,1,0,0,2
/home/aiyanxu/pair/boto-2.28.0/boto-2.28.0/tests/unit/utils/__init__.py,1,/home/aiyanxu/pair/boto-2.34.0/boto-2.34.0/tests/unit/utils/__init__.py,0,0,0,0
/home/aiyanxu/pair/boto-2.28.0/boto-2.28.0/tests/integration/cloudsearch/__init__.py,1,/home/aiyanxu/pair/boto-2.34.0/boto-2.34.0/tests/integration/cloudsearch/__init__.py,0,0,0,0
/home/aiyanxu/pair/boto-2.28.0/boto-2.28.0/tests/unit/auth/test_sigv4.py,1,/home/aiyanxu/pair/boto-2.34.0/boto-2.34.0/tests/unit/auth/test_sigv4.py,1,2,0,20
/home/aiyanxu/pair/boto-2.28.0/boto-2.28.0/tests/integration/dynamodb/test_cert_verification.py,1,/home/aiyanxu/pair/boto-2.34.0/boto-2.34.0/tests/integration/dynamodb/test_cert_verification.py,0,0,0,0
/home/aiyanxu/pair/boto-2.28.0/boto-2.28.0/docs/source/conf.py,1,/home/aiyanxu/pair/boto-2.34.0/boto-2.34.0/docs/source/conf.py,0,0,0,0
/home/aiyanxu/pair/boto-2.28.0/boto-2.28.0/tests/devpay/__init__.py,1,/home/aiyanxu/pair/boto-2.34.0/boto-2.34.0/tests/devpay/__init__.py,0,0,0,0
/home/aiyanxu/pair/boto-2.28.0/boto-2.28.0/tests/integration/cloudsearch2/test_cert_verification.py,1,/home/aiyanxu/pair/boto-2.34.0/boto-2.34.0/tests/integration/cloudsearch2/test_cert_verification.py,0,0,0,0
/home/aiyanxu/pair/boto-2.28.0/boto-2.28.0/tests/integration/beanstalk/test_wrapper.py,1,/home/aiyanxu/pair/boto-2.34.0/boto-2.34.0/tests/integration/beanstalk/test_wrapper.py,1,1,1,0
/home/aiyanxu/pair/boto-2.28.0/boto-2.28.0/tests/integration/glacier/test_cert_verification.py,1,/home/aiyanxu/pair/boto-2.34.0/boto-2.34.0/tests/integration/glacier/test_cert_verification.py,0,0,0,0
/home/aiyanxu/pair/boto-2.28.0/boto-2.28.0/tests/integration/elastictranscoder/test_cert_verification.py,1,/home/aiyanxu/pair/boto-2.34.0/boto-2.34.0/tests/integration/elastictranscoder/test_cert_verification.py,1,1,1,0
/home/aiyanxu/pair/boto-2.28.0/boto-2.28.0/boto/services/submit.py,1,/home/aiyanxu/pair/boto-2.34.0/boto-2.34.0/boto/services/submit.py,1,0,0,2
/home/aiyanxu/pair/boto-2.28.0/boto-2.28.0/tests/integration/rds/test_promote_modify.py,1,/home/aiyanxu/pair/boto-2.34.0/boto-2.34.0/tests/integration/rds/test_promote_modify.py,0,0,0,0
/home/aiyanxu/pair/boto-2.28.0/boto-2.28.0/tests/integration/route53/test_cert_verification.py,1,/home/aiyanxu/pair/boto-2.34.0/boto-2.34.0/tests/integration/route53/test_cert_verification.py,1,0,0,1
/home/aiyanxu/pair/boto-2.28.0/boto-2.28.0/tests/unit/vpc/test_customergateway.py,1,/home/aiyanxu/pair/boto-2.34.0/boto-2.34.0/tests/unit/vpc/test_customergateway.py,1,1,0,5
/home/aiyanxu/pair/boto-2.28.0/boto-2.28.0/tests/integration/datapipeline/test_cert_verification.py,1,/home/aiyanxu/pair/boto-2.34.0/boto-2.34.0/tests/integration/datapipeline/test_cert_verification.py,0,0,0,0
/home/aiyanxu/pair/boto-2.28.0/boto-2.28.0/tests/integration/datapipeline/test_layer1.py,1,/home/aiyanxu/pair/boto-2.34.0/boto-2.34.0/tests/integration/datapipeline/test_layer1.py,0,0,0,0
/home/aiyanxu/pair/boto-2.28.0/boto-2.28.0/tests/mturk/create_hit_with_qualifications.py,1,/home/aiyanxu/pair/boto-2.34.0/boto-2.34.0/tests/mturk/create_hit_with_qualifications.py,0,0,0,0
/home/aiyanxu/pair/boto-2.28.0/boto-2.28.0/setup.py,1,/home/aiyanxu/pair/boto-2.34.0/boto-2.34.0/setup.py,1,0,1,6
/home/aiyanxu/pair/boto-2.28.0/boto-2.28.0/tests/db/test_password.py,1,/home/aiyanxu/pair/boto-2.34.0/boto-2.34.0/tests/db/test_password.py,0,0,0,0
/home/aiyanxu/pair/boto-2.28.0/boto-2.28.0/tests/unit/ec2/test_instancestatus.py,1,/home/aiyanxu/pair/boto-2.34.0/boto-2.34.0/tests/unit/ec2/test_instancestatus.py,1,1,0,5
/home/aiyanxu/pair/boto-2.28.0/boto-2.28.0/tests/unit/glacier/test_layer1.py,1,/home/aiyanxu/pair/boto-2.34.0/boto-2.34.0/tests/unit/glacier/test_layer1.py,1,0,0,4
/home/aiyanxu/pair/boto-2.28.0/boto-2.28.0/tests/db/test_query.py,1,/home/aiyanxu/pair/boto-2.34.0/boto-2.34.0/tests/db/test_query.py,0,0,0,0
/home/aiyanxu/pair/boto-2.28.0/boto-2.28.0/tests/unit/ec2/elb/test_loadbalancer.py,1,/home/aiyanxu/pair/boto-2.34.0/boto-2.34.0/tests/unit/ec2/elb/test_loadbalancer.py,1,2,0,5
/home/aiyanxu/pair/boto-2.28.0/boto-2.28.0/tests/unit/s3/__init__.py,1,/home/aiyanxu/pair/boto-2.34.0/boto-2.34.0/tests/unit/s3/__init__.py,0,0,0,0
/home/aiyanxu/pair/boto-2.28.0/boto-2.28.0/tests/unit/manage/test_ssh.py,1,/home/aiyanxu/pair/boto-2.34.0/boto-2.34.0/tests/unit/manage/test_ssh.py,1,0,0,3
/home/aiyanxu/pair/boto-2.28.0/boto-2.28.0/tests/unit/cloudfront/__init__.py,1,/home/aiyanxu/pair/boto-2.34.0/boto-2.34.0/tests/unit/cloudfront/__init__.py,0,0,0,0
/home/aiyanxu/pair/boto-2.28.0/boto-2.28.0/tests/unit/beanstalk/test_layer1.py,1,/home/aiyanxu/pair/boto-2.34.0/boto-2.34.0/tests/unit/beanstalk/test_layer1.py,1,0,0,3
/home/aiyanxu/pair/boto-2.28.0/boto-2.28.0/tests/unit/cloudformation/test_connection.py,1,/home/aiyanxu/pair/boto-2.34.0/boto-2.34.0/tests/unit/cloudformation/test_connection.py,1,0,6,21
/home/aiyanxu/pair/boto-2.28.0/boto-2.28.0/tests/unit/vpc/test_internetgateway.py,1,/home/aiyanxu/pair/boto-2.34.0/boto-2.34.0/tests/unit/vpc/test_internetgateway.py,1,0,0,5
/home/aiyanxu/pair/boto-2.28.0/boto-2.28.0/boto/ecs/__init__.py,1,/home/aiyanxu/pair/boto-2.34.0/boto-2.34.0/boto/ecs/__init__.py,1,0,0,2
/home/aiyanxu/pair/boto-2.28.0/boto-2.28.0/tests/unit/rds2/test_connection.py,1,/home/aiyanxu/pair/boto-2.34.0/boto-2.34.0/tests/unit/rds2/test_connection.py,0,0,0,0
/home/aiyanxu/pair/boto-2.28.0/boto-2.28.0/boto/glacier/layer2.py,1,/home/aiyanxu/pair/boto-2.34.0/boto-2.34.0/boto/glacier/layer2.py,1,0,0,2
/home/aiyanxu/pair/boto-2.28.0/boto-2.28.0/boto/ec2/cloudwatch/datapoint.py,1,/home/aiyanxu/pair/boto-2.34.0/boto-2.34.0/boto/ec2/cloudwatch/datapoint.py,0,0,0,0
/home/aiyanxu/pair/boto-2.28.0/boto-2.28.0/boto/elasticache/layer1.py,1,/home/aiyanxu/pair/boto-2.34.0/boto-2.34.0/boto/elasticache/layer1.py,1,0,0,1
/home/aiyanxu/pair/boto-2.28.0/boto-2.28.0/boto/ec2/elb/policies.py,1,/home/aiyanxu/pair/boto-2.34.0/boto-2.34.0/boto/ec2/elb/policies.py,0,0,0,0
/home/aiyanxu/pair/boto-2.28.0/boto-2.28.0/boto/emr/instance_group.py,1,/home/aiyanxu/pair/boto-2.34.0/boto-2.34.0/boto/emr/instance_group.py,0,0,0,0
/home/aiyanxu/pair/boto-2.28.0/boto-2.28.0/tests/integration/route53/test_health_check.py,1,/home/aiyanxu/pair/boto-2.34.0/boto-2.34.0/tests/integration/route53/test_health_check.py,1,3,0,10
/home/aiyanxu/pair/boto-2.28.0/boto-2.28.0/tests/integration/s3/__init__.py,1,/home/aiyanxu/pair/boto-2.34.0/boto-2.34.0/tests/integration/s3/__init__.py,0,0,0,0
/home/aiyanxu/pair/boto-2.28.0/boto-2.28.0/boto/sqs/bigmessage.py,1,/home/aiyanxu/pair/boto-2.34.0/boto-2.34.0/boto/sqs/bigmessage.py,0,0,0,0
/home/aiyanxu/pair/boto-2.28.0/boto-2.28.0/tests/integration/support/test_layer1.py,1,/home/aiyanxu/pair/boto-2.34.0/boto-2.34.0/tests/integration/support/test_layer1.py,0,0,0,0
/home/aiyanxu/pair/boto-2.28.0/boto-2.28.0/boto/services/result.py,1,/home/aiyanxu/pair/boto-2.34.0/boto-2.34.0/boto/services/result.py,1,0,0,9
/home/aiyanxu/pair/boto-2.28.0/boto-2.28.0/boto/manage/__init__.py,1,/home/aiyanxu/pair/boto-2.34.0/boto-2.34.0/boto/manage/__init__.py,0,0,0,0
/home/aiyanxu/pair/boto-2.28.0/boto-2.28.0/boto/mashups/__init__.py,1,/home/aiyanxu/pair/boto-2.34.0/boto-2.34.0/boto/mashups/__init__.py,0,0,0,0
/home/aiyanxu/pair/boto-2.28.0/boto-2.28.0/tests/unit/ec2/test_connection.py,1,/home/aiyanxu/pair/boto-2.34.0/boto-2.34.0/tests/unit/ec2/test_connection.py,1,2,0,25
/home/aiyanxu/pair/boto-2.28.0/boto-2.28.0/tests/unit/dynamodb/test_types.py,1,/home/aiyanxu/pair/boto-2.34.0/boto-2.34.0/tests/unit/dynamodb/test_types.py,1,5,0,10
/home/aiyanxu/pair/boto-2.28.0/boto-2.28.0/tests/unit/ec2/test_networkinterface.py,1,/home/aiyanxu/pair/boto-2.34.0/boto-2.34.0/tests/unit/ec2/test_networkinterface.py,1,1,0,1
/home/aiyanxu/pair/boto-2.28.0/boto-2.28.0/tests/unit/ec2/autoscale/__init__.py,1,/home/aiyanxu/pair/boto-2.34.0/boto-2.34.0/tests/unit/ec2/autoscale/__init__.py,0,0,0,0
/home/aiyanxu/pair/boto-2.28.0/boto-2.28.0/tests/unit/elasticache/__init__.py,1,/home/aiyanxu/pair/boto-2.34.0/boto-2.34.0/tests/unit/elasticache/__init__.py,0,0,0,0
/home/aiyanxu/pair/boto-2.28.0/boto-2.28.0/tests/unit/ec2/__init__.py,1,/home/aiyanxu/pair/boto-2.34.0/boto-2.34.0/tests/unit/ec2/__init__.py,0,0,0,0
/home/aiyanxu/pair/boto-2.28.0/boto-2.28.0/boto/sqs/connection.py,1,/home/aiyanxu/pair/boto-2.34.0/boto-2.34.0/boto/sqs/connection.py,1,2,0,4
/home/aiyanxu/pair/boto-2.28.0/boto-2.28.0/tests/fps/__init__.py,1,/home/aiyanxu/pair/boto-2.34.0/boto-2.34.0/tests/fps/__init__.py,0,0,0,0
/home/aiyanxu/pair/boto-2.28.0/boto-2.28.0/boto/rds/regioninfo.py,1,/home/aiyanxu/pair/boto-2.34.0/boto-2.34.0/boto/rds/regioninfo.py,0,0,0,0
/home/aiyanxu/pair/boto-2.28.0/boto-2.28.0/boto/redshift/__init__.py,1,/home/aiyanxu/pair/boto-2.34.0/boto-2.34.0/boto/redshift/__init__.py,0,0,0,0
/home/aiyanxu/pair/boto-2.28.0/boto-2.28.0/tests/unit/emr/test_instance_group_args.py,1,/home/aiyanxu/pair/boto-2.34.0/boto-2.34.0/tests/unit/emr/test_instance_group_args.py,1,1,1,0
/home/aiyanxu/pair/boto-2.28.0/boto-2.28.0/tests/unit/glacier/test_job.py,1,/home/aiyanxu/pair/boto-2.34.0/boto-2.34.0/tests/unit/glacier/test_job.py,1,0,0,3
/home/aiyanxu/pair/boto-2.28.0/boto-2.28.0/tests/integration/sns/test_cert_verification.py,1,/home/aiyanxu/pair/boto-2.34.0/boto-2.34.0/tests/integration/sns/test_cert_verification.py,0,0,0,0
/home/aiyanxu/pair/boto-2.28.0/boto-2.28.0/boto/mturk/notification.py,1,/home/aiyanxu/pair/boto-2.34.0/boto-2.34.0/boto/mturk/notification.py,0,0,0,0
/home/aiyanxu/pair/boto-2.28.0/boto-2.28.0/boto/route53/connection.py,1,/home/aiyanxu/pair/boto-2.34.0/boto-2.34.0/boto/route53/connection.py,1,4,1,10
/home/aiyanxu/pair/boto-2.28.0/boto-2.28.0/boto/glacier/response.py,1,/home/aiyanxu/pair/boto-2.34.0/boto-2.34.0/boto/glacier/response.py,1,0,0,1
/home/aiyanxu/pair/boto-2.28.0/boto-2.28.0/boto/iam/__init__.py,1,/home/aiyanxu/pair/boto-2.34.0/boto-2.34.0/boto/iam/__init__.py,0,0,0,0
/home/aiyanxu/pair/boto-2.28.0/boto-2.28.0/tests/unit/ec2/cloudwatch/test_connection.py,1,/home/aiyanxu/pair/boto-2.34.0/boto-2.34.0/tests/unit/ec2/cloudwatch/test_connection.py,0,0,0,0
/home/aiyanxu/pair/boto-2.28.0/boto-2.28.0/tests/unit/ec2/test_instancetype.py,1,/home/aiyanxu/pair/boto-2.34.0/boto-2.34.0/tests/unit/ec2/test_instancetype.py,1,0,3,1
/home/aiyanxu/pair/boto-2.28.0/boto-2.28.0/tests/unit/cloudsearch2/test_document.py,1,/home/aiyanxu/pair/boto-2.34.0/boto-2.34.0/tests/unit/cloudsearch2/test_document.py,1,3,1,8
/home/aiyanxu/pair/boto-2.28.0/boto-2.28.0/tests/integration/ec2/test_cert_verification.py,1,/home/aiyanxu/pair/boto-2.34.0/boto-2.34.0/tests/integration/ec2/test_cert_verification.py,0,0,0,0
/home/aiyanxu/pair/boto-2.28.0/boto-2.28.0/tests/integration/ec2/vpc/__init__.py,1,/home/aiyanxu/pair/boto-2.34.0/boto-2.34.0/tests/integration/ec2/vpc/__init__.py,0,0,0,0
/home/aiyanxu/pair/boto-2.28.0/boto-2.28.0/tests/integration/elastictranscoder/test_layer1.py,1,/home/aiyanxu/pair/boto-2.34.0/boto-2.34.0/tests/integration/elastictranscoder/test_layer1.py,1,1,1,0
/home/aiyanxu/pair/boto-2.28.0/boto-2.28.0/boto/dynamodb/exceptions.py,1,/home/aiyanxu/pair/boto-2.34.0/boto-2.34.0/boto/dynamodb/exceptions.py,0,0,0,0
/home/aiyanxu/pair/boto-2.28.0/boto-2.28.0/tests/integration/iam/__init__.py,1,/home/aiyanxu/pair/boto-2.34.0/boto-2.34.0/tests/integration/iam/__init__.py,0,0,0,0
/home/aiyanxu/pair/boto-2.28.0/boto-2.28.0/boto/dynamodb/layer1.py,1,/home/aiyanxu/pair/boto-2.34.0/boto-2.34.0/boto/dynamodb/layer1.py,1,0,0,4
/home/aiyanxu/pair/boto-2.28.0/boto-2.28.0/boto/dynamodb/item.py,1,/home/aiyanxu/pair/boto-2.34.0/boto-2.34.0/boto/dynamodb/item.py,0,0,0,0
/home/aiyanxu/pair/boto-2.28.0/boto-2.28.0/boto/dynamodb/schema.py,1,/home/aiyanxu/pair/boto-2.34.0/boto-2.34.0/boto/dynamodb/schema.py,0,0,0,0
/home/aiyanxu/pair/boto-2.28.0/boto-2.28.0/boto/dynamodb2/types.py,1,/home/aiyanxu/pair/boto-2.34.0/boto-2.34.0/boto/dynamodb2/types.py,0,0,0,0
/home/aiyanxu/pair/boto-2.28.0/boto-2.28.0/boto/directconnect/__init__.py,1,/home/aiyanxu/pair/boto-2.34.0/boto-2.34.0/boto/directconnect/__init__.py,0,0,0,0
/home/aiyanxu/pair/boto-2.28.0/boto-2.28.0/boto/dynamodb2/items.py,1,/home/aiyanxu/pair/boto-2.34.0/boto-2.34.0/boto/dynamodb2/items.py,1,1,0,2
/home/aiyanxu/pair/boto-2.28.0/boto-2.28.0/boto/ec2/cloudwatch/listelement.py,1,/home/aiyanxu/pair/boto-2.34.0/boto-2.34.0/boto/ec2/cloudwatch/listelement.py,0,0,0,0
/home/aiyanxu/pair/boto-2.28.0/boto-2.28.0/boto/contrib/ymlmessage.py,1,/home/aiyanxu/pair/boto-2.34.0/boto-2.34.0/boto/contrib/ymlmessage.py,0,0,0,0
/home/aiyanxu/pair/boto-2.28.0/boto-2.28.0/boto/cloudsearch/sourceattribute.py,1,/home/aiyanxu/pair/boto-2.34.0/boto-2.34.0/boto/cloudsearch/sourceattribute.py,0,0,0,0
/home/aiyanxu/pair/boto-2.28.0/boto-2.28.0/boto/pyami/installers/ubuntu/__init__.py,1,/home/aiyanxu/pair/boto-2.34.0/boto-2.34.0/boto/pyami/installers/ubuntu/__init__.py,0,0,0,0
/home/aiyanxu/pair/boto-2.28.0/boto-2.28.0/boto/route53/__init__.py,1,/home/aiyanxu/pair/boto-2.34.0/boto-2.34.0/boto/route53/__init__.py,0,0,0,0
/home/aiyanxu/pair/boto-2.28.0/boto-2.28.0/tests/integration/rds/test_db_subnet_group.py,1,/home/aiyanxu/pair/boto-2.34.0/boto-2.34.0/tests/integration/rds/test_db_subnet_group.py,0,0,0,0
/home/aiyanxu/pair/boto-2.28.0/boto-2.28.0/boto/services/__init__.py,1,/home/aiyanxu/pair/boto-2.34.0/boto-2.34.0/boto/services/__init__.py,0,0,0,0
/home/aiyanxu/pair/boto-2.28.0/boto-2.28.0/boto/sdb/db/__init__.py,1,/home/aiyanxu/pair/boto-2.34.0/boto-2.34.0/boto/sdb/db/__init__.py,0,0,0,0
/home/aiyanxu/pair/boto-2.28.0/boto-2.28.0/boto/s3/keyfile.py,1,/home/aiyanxu/pair/boto-2.34.0/boto-2.34.0/boto/s3/keyfile.py,1,0,0,1
/home/aiyanxu/pair/boto-2.28.0/boto-2.28.0/tests/mturk/create_hit_external.py,1,/home/aiyanxu/pair/boto-2.34.0/boto-2.34.0/tests/mturk/create_hit_external.py,0,0,0,0
/home/aiyanxu/pair/boto-2.28.0/boto-2.28.0/tests/mturk/common.py,1,/home/aiyanxu/pair/boto-2.34.0/boto-2.34.0/tests/mturk/common.py,0,0,0,0
/home/aiyanxu/pair/boto-2.28.0/boto-2.28.0/tests/unit/directconnect/test_layer1.py,1,/home/aiyanxu/pair/boto-2.34.0/boto-2.34.0/tests/unit/directconnect/test_layer1.py,1,0,0,1
/home/aiyanxu/pair/boto-2.28.0/boto-2.28.0/tests/integration/storage_uri/__init__.py,1,/home/aiyanxu/pair/boto-2.34.0/boto-2.34.0/tests/integration/storage_uri/__init__.py,0,0,0,0
/home/aiyanxu/pair/boto-2.28.0/boto-2.28.0/tests/integration/gs/test_basic.py,1,/home/aiyanxu/pair/boto-2.34.0/boto-2.34.0/tests/integration/gs/test_basic.py,0,0,0,0
/home/aiyanxu/pair/boto-2.28.0/boto-2.28.0/tests/integration/gs/test_versioning.py,1,/home/aiyanxu/pair/boto-2.34.0/boto-2.34.0/tests/integration/gs/test_versioning.py,0,0,0,0
/home/aiyanxu/pair/boto-2.28.0/boto-2.28.0/boto/kinesis/layer1.py,1,/home/aiyanxu/pair/boto-2.34.0/boto-2.34.0/boto/kinesis/layer1.py,1,1,5,3
/home/aiyanxu/pair/boto-2.28.0/boto-2.28.0/tests/integration/gs/test_generation_conditionals.py,1,/home/aiyanxu/pair/boto-2.34.0/boto-2.34.0/tests/integration/gs/test_generation_conditionals.py,0,0,0,0
/home/aiyanxu/pair/boto-2.28.0/boto-2.28.0/boto/sts/__init__.py,1,/home/aiyanxu/pair/boto-2.34.0/boto-2.34.0/boto/sts/__init__.py,1,0,0,1
/home/aiyanxu/pair/boto-2.28.0/boto-2.28.0/boto/sdb/db/query.py,1,/home/aiyanxu/pair/boto-2.34.0/boto-2.34.0/boto/sdb/db/query.py,1,1,0,1
/home/aiyanxu/pair/boto-2.28.0/boto-2.28.0/tests/unit/ec2/test_instance.py,1,/home/aiyanxu/pair/boto-2.34.0/boto-2.34.0/tests/unit/ec2/test_instance.py,1,1,2,3
/home/aiyanxu/pair/boto-2.28.0/boto-2.28.0/tests/unit/ec2/test_securitygroup.py,1,/home/aiyanxu/pair/boto-2.34.0/boto-2.34.0/tests/unit/ec2/test_securitygroup.py,1,0,2,3
/home/aiyanxu/pair/boto-2.28.0/boto-2.28.0/tests/unit/ec2/test_snapshot.py,1,/home/aiyanxu/pair/boto-2.34.0/boto-2.34.0/tests/unit/ec2/test_snapshot.py,1,2,0,4
/home/aiyanxu/pair/boto-2.28.0/boto-2.28.0/boto/sdb/db/key.py,1,/home/aiyanxu/pair/boto-2.34.0/boto-2.34.0/boto/sdb/db/key.py,0,0,0,0
/home/aiyanxu/pair/boto-2.28.0/boto-2.28.0/boto/mturk/qualification.py,1,/home/aiyanxu/pair/boto-2.34.0/boto-2.34.0/boto/mturk/qualification.py,0,0,0,0
/home/aiyanxu/pair/boto-2.28.0/boto-2.28.0/boto/pyami/installers/ubuntu/ebs.py,1,/home/aiyanxu/pair/boto-2.34.0/boto-2.34.0/boto/pyami/installers/ubuntu/ebs.py,1,0,0,3
/home/aiyanxu/pair/boto-2.28.0/boto-2.28.0/boto/cloudsearch2/search.py,1,/home/aiyanxu/pair/boto-2.34.0/boto-2.34.0/boto/cloudsearch2/search.py,1,1,5,13
/home/aiyanxu/pair/boto-2.28.0/boto-2.28.0/boto/cloudsearch2/__init__.py,1,/home/aiyanxu/pair/boto-2.34.0/boto-2.34.0/boto/cloudsearch2/__init__.py,0,0,0,0
/home/aiyanxu/pair/boto-2.28.0/boto-2.28.0/boto/cloudfront/signers.py,1,/home/aiyanxu/pair/boto-2.34.0/boto-2.34.0/boto/cloudfront/signers.py,0,0,0,0
/home/aiyanxu/pair/boto-2.28.0/boto-2.28.0/boto/cloudsearch2/document.py,1,/home/aiyanxu/pair/boto-2.34.0/boto-2.34.0/boto/cloudsearch2/document.py,1,3,0,6
/home/aiyanxu/pair/boto-2.28.0/boto-2.28.0/boto/cloudfront/object.py,1,/home/aiyanxu/pair/boto-2.34.0/boto-2.34.0/boto/cloudfront/object.py,0,0,0,0
/home/aiyanxu/pair/boto-2.28.0/boto-2.28.0/boto/datapipeline/exceptions.py,1,/home/aiyanxu/pair/boto-2.34.0/boto-2.34.0/boto/datapipeline/exceptions.py,0,0,0,0
/home/aiyanxu/pair/boto-2.28.0/boto-2.28.0/boto/datapipeline/__init__.py,1,/home/aiyanxu/pair/boto-2.34.0/boto-2.34.0/boto/datapipeline/__init__.py,0,0,0,0
/home/aiyanxu/pair/boto-2.28.0/boto-2.28.0/boto/dynamodb/__init__.py,1,/home/aiyanxu/pair/boto-2.34.0/boto-2.34.0/boto/dynamodb/__init__.py,0,0,0,0
/home/aiyanxu/pair/boto-2.28.0/boto-2.28.0/tests/integration/ec2/cloudwatch/test_connection.py,1,/home/aiyanxu/pair/boto-2.34.0/boto-2.34.0/tests/integration/ec2/cloudwatch/test_connection.py,1,0,5,4
/home/aiyanxu/pair/boto-2.28.0/boto-2.28.0/tests/integration/dynamodb/test_table.py,1,/home/aiyanxu/pair/boto-2.34.0/boto-2.34.0/tests/integration/dynamodb/test_table.py,0,0,0,0
/home/aiyanxu/pair/boto-2.28.0/boto-2.28.0/boto/directconnect/layer1.py,1,/home/aiyanxu/pair/boto-2.34.0/boto-2.34.0/boto/directconnect/layer1.py,1,1,5,1
/home/aiyanxu/pair/boto-2.28.0/boto-2.28.0/boto/directconnect/exceptions.py,1,/home/aiyanxu/pair/boto-2.34.0/boto-2.34.0/boto/directconnect/exceptions.py,0,0,0,0
/home/aiyanxu/pair/boto-2.28.0/boto-2.28.0/boto/ses/__init__.py,1,/home/aiyanxu/pair/boto-2.34.0/boto-2.34.0/boto/ses/__init__.py,1,0,0,1
/home/aiyanxu/pair/boto-2.28.0/boto-2.28.0/boto/cloudtrail/layer1.py,1,/home/aiyanxu/pair/boto-2.34.0/boto-2.34.0/boto/cloudtrail/layer1.py,1,1,5,1
/home/aiyanxu/pair/boto-2.28.0/boto-2.28.0/boto/cloudsearch2/exceptions.py,1,/home/aiyanxu/pair/boto-2.34.0/boto-2.34.0/boto/cloudsearch2/exceptions.py,0,0,0,0
/home/aiyanxu/pair/boto-2.28.0/boto-2.28.0/boto/cloudsearch/domain.py,1,/home/aiyanxu/pair/boto-2.34.0/boto-2.34.0/boto/cloudsearch/domain.py,1,0,0,6
/home/aiyanxu/pair/boto-2.28.0/boto-2.28.0/boto/cloudsearch/document.py,1,/home/aiyanxu/pair/boto-2.34.0/boto-2.34.0/boto/cloudsearch/document.py,1,2,0,3
/home/aiyanxu/pair/boto-2.28.0/boto-2.28.0/boto/cloudsearch/layer2.py,1,/home/aiyanxu/pair/boto-2.34.0/boto-2.34.0/boto/cloudsearch/layer2.py,1,0,0,2
/home/aiyanxu/pair/boto-2.28.0/boto-2.28.0/boto/cloudfront/invalidation.py,1,/home/aiyanxu/pair/boto-2.34.0/boto-2.34.0/boto/cloudfront/invalidation.py,1,1,1,1
/home/aiyanxu/pair/boto-2.28.0/boto-2.28.0/boto/fps/__init__.py,1,/home/aiyanxu/pair/boto-2.34.0/boto-2.34.0/boto/fps/__init__.py,0,0,0,0
/home/aiyanxu/pair/boto-2.28.0/boto-2.28.0/boto/mashups/order.py,1,/home/aiyanxu/pair/boto-2.34.0/boto-2.34.0/boto/mashups/order.py,1,0,0,9
/home/aiyanxu/pair/boto-2.28.0/boto-2.28.0/tests/unit/cloudsearch2/test_connection.py,1,/home/aiyanxu/pair/boto-2.34.0/boto-2.34.0/tests/unit/cloudsearch2/test_connection.py,1,0,0,3
/home/aiyanxu/pair/boto-2.28.0/boto-2.28.0/tests/integration/s3/test_https_cert_validation.py,1,/home/aiyanxu/pair/boto-2.34.0/boto-2.34.0/tests/integration/s3/test_https_cert_validation.py,0,0,0,0
/home/aiyanxu/pair/boto-2.28.0/boto-2.28.0/tests/integration/sns/test_connection.py,1,/home/aiyanxu/pair/boto-2.34.0/boto-2.34.0/tests/integration/sns/test_connection.py,1,0,0,8
/home/aiyanxu/pair/boto-2.28.0/boto-2.28.0/tests/integration/s3/test_encryption.py,1,/home/aiyanxu/pair/boto-2.34.0/boto-2.34.0/tests/integration/s3/test_encryption.py,1,0,0,4
/home/aiyanxu/pair/boto-2.28.0/boto-2.28.0/tests/integration/route53/__init__.py,1,/home/aiyanxu/pair/boto-2.34.0/boto-2.34.0/tests/integration/route53/__init__.py,0,0,0,0
/home/aiyanxu/pair/boto-2.28.0/boto-2.28.0/tests/integration/rds/test_cert_verification.py,1,/home/aiyanxu/pair/boto-2.34.0/boto-2.34.0/tests/integration/rds/test_cert_verification.py,0,0,0,0
/home/aiyanxu/pair/boto-2.28.0/boto-2.28.0/boto/cloudfront/exception.py,1,/home/aiyanxu/pair/boto-2.34.0/boto-2.34.0/boto/cloudfront/exception.py,0,0,0,0
/home/aiyanxu/pair/boto-2.28.0/boto-2.28.0/boto/cloudsearch2/domain.py,1,/home/aiyanxu/pair/boto-2.34.0/boto-2.34.0/boto/cloudsearch2/domain.py,1,0,0,7
/home/aiyanxu/pair/boto-2.28.0/boto-2.28.0/boto/auth_handler.py,1,/home/aiyanxu/pair/boto-2.34.0/boto-2.34.0/boto/auth_handler.py,1,0,0,1
/home/aiyanxu/pair/boto-2.28.0/boto-2.28.0/boto/cloudsearch/optionstatus.py,1,/home/aiyanxu/pair/boto-2.34.0/boto-2.34.0/boto/cloudsearch/optionstatus.py,0,0,0,0
/home/aiyanxu/pair/boto-2.28.0/boto-2.28.0/boto/glacier/job.py,1,/home/aiyanxu/pair/boto-2.34.0/boto-2.34.0/boto/glacier/job.py,1,0,1,5
/home/aiyanxu/pair/boto-2.28.0/boto-2.28.0/boto/iam/summarymap.py,1,/home/aiyanxu/pair/boto-2.34.0/boto-2.34.0/boto/iam/summarymap.py,0,0,0,0
/home/aiyanxu/pair/boto-2.28.0/boto-2.28.0/boto/ec2/address.py,1,/home/aiyanxu/pair/boto-2.34.0/boto-2.34.0/boto/ec2/address.py,1,1,0,11
/home/aiyanxu/pair/boto-2.28.0/boto-2.28.0/boto/manage/volume.py,1,/home/aiyanxu/pair/boto-2.34.0/boto-2.34.0/boto/manage/volume.py,1,1,1,4
/home/aiyanxu/pair/boto-2.28.0/boto-2.28.0/boto/mturk/connection.py,1,/home/aiyanxu/pair/boto-2.34.0/boto-2.34.0/boto/mturk/connection.py,1,2,0,2
/home/aiyanxu/pair/boto-2.28.0/boto-2.28.0/tests/unit/s3/test_uri.py,1,/home/aiyanxu/pair/boto-2.34.0/boto-2.34.0/tests/unit/s3/test_uri.py,1,1,0,5
/home/aiyanxu/pair/boto-2.28.0/boto-2.28.0/boto/s3/bucket.py,1,/home/aiyanxu/pair/boto-2.34.0/boto-2.34.0/boto/s3/bucket.py,1,15,3,30
/home/aiyanxu/pair/boto-2.28.0/boto-2.28.0/boto/sdb/db/blob.py,1,/home/aiyanxu/pair/boto-2.34.0/boto-2.34.0/boto/sdb/db/blob.py,1,1,0,3
/home/aiyanxu/pair/boto-2.28.0/boto-2.28.0/boto/gs/acl.py,1,/home/aiyanxu/pair/boto-2.34.0/boto-2.34.0/boto/gs/acl.py,0,0,0,0
/home/aiyanxu/pair/boto-2.28.0/boto-2.28.0/boto/https_connection.py,1,/home/aiyanxu/pair/boto-2.34.0/boto-2.34.0/boto/https_connection.py,1,0,1,10
/home/aiyanxu/pair/boto-2.28.0/boto-2.28.0/boto/ec2/image.py,1,/home/aiyanxu/pair/boto-2.34.0/boto-2.34.0/boto/ec2/image.py,1,1,0,0
/home/aiyanxu/pair/boto-2.28.0/boto-2.28.0/boto/ec2/reservedinstance.py,1,/home/aiyanxu/pair/boto-2.34.0/boto-2.34.0/boto/ec2/reservedinstance.py,1,0,0,7
/home/aiyanxu/pair/boto-2.28.0/boto-2.28.0/boto/vpc/customergateway.py,1,/home/aiyanxu/pair/boto-2.34.0/boto-2.34.0/boto/vpc/customergateway.py,0,0,0,0
/home/aiyanxu/pair/boto-2.28.0/boto-2.28.0/boto/ec2/networkinterface.py,1,/home/aiyanxu/pair/boto-2.34.0/boto-2.34.0/boto/ec2/networkinterface.py,1,1,0,2
/home/aiyanxu/pair/boto-2.28.0/boto-2.28.0/boto/ec2/spotdatafeedsubscription.py,1,/home/aiyanxu/pair/boto-2.34.0/boto-2.34.0/boto/ec2/spotdatafeedsubscription.py,0,0,0,0
/home/aiyanxu/pair/boto-2.28.0/boto-2.28.0/boto/pyami/config.py,1,/home/aiyanxu/pair/boto-2.34.0/boto-2.34.0/boto/pyami/config.py,1,0,0,21
/home/aiyanxu/pair/boto-2.28.0/boto-2.28.0/boto/ec2/launchspecification.py,1,/home/aiyanxu/pair/boto-2.34.0/boto-2.34.0/boto/ec2/launchspecification.py,0,0,0,0
/home/aiyanxu/pair/boto-2.28.0/boto-2.28.0/boto/vpc/dhcpoptions.py,1,/home/aiyanxu/pair/boto-2.34.0/boto-2.34.0/boto/vpc/dhcpoptions.py,0,0,0,0
/home/aiyanxu/pair/boto-2.28.0/boto-2.28.0/boto/sqs/messageattributes.py,1,/home/aiyanxu/pair/boto-2.34.0/boto-2.34.0/boto/sqs/messageattributes.py,0,0,0,0
/home/aiyanxu/pair/boto-2.28.0/boto-2.28.0/boto/rds/event.py,1,/home/aiyanxu/pair/boto-2.34.0/boto-2.34.0/boto/rds/event.py,0,0,0,0
/home/aiyanxu/pair/boto-2.28.0/boto-2.28.0/boto/glacier/vault.py,1,/home/aiyanxu/pair/boto-2.34.0/boto-2.34.0/boto/glacier/vault.py,1,0,2,7
/home/aiyanxu/pair/boto-2.28.0/boto-2.28.0/boto/ec2/cloudwatch/metric.py,1,/home/aiyanxu/pair/boto-2.34.0/boto-2.34.0/boto/ec2/cloudwatch/metric.py,0,0,0,0
/home/aiyanxu/pair/boto-2.28.0/boto-2.28.0/boto/utils.py,1,/home/aiyanxu/pair/boto-2.34.0/boto-2.34.0/boto/utils.py,1,11,19,60
